model,variant,hemisphere,season,b
ACCESS-CM2,div1_QG,n,DJF,-0.010261699947734067
ACCESS-CM2,div1_QG,n,JFM,0.0049715841584005716
ACCESS-CM2,div1_QG,n,FMA,-0.008455242224818312
ACCESS-CM2,div1_QG,n,MAM,-0.003190846236458516
ACCESS-CM2,div1_QG,n,AMJ,-0.03886479677837899
ACCESS-CM2,div1_QG,n,MJJ,-0.05102161502311161
ACCESS-CM2,div1_QG,n,JJA,-0.10328020474038946
ACCESS-CM2,div1_QG,n,JAS,-0.08290964685404263
ACCESS-CM2,div1_QG,n,ASO,-0.016631915071881567
ACCESS-CM2,div1_QG,n,SON,0.01694671504304662
ACCESS-CM2,div1_QG,n,OND,0.026458159574747883
ACCESS-CM2,div1_QG,n,NDJ,0.008491481176026858
ACCESS-CM2,div1_QG,s,DJF,0.09880406895271937
ACCESS-CM2,div1_QG,s,JFM,0.07273322760289691
ACCESS-CM2,div1_QG,s,FMA,0.05766601341927685
ACCESS-CM2,div1_QG,s,MAM,0.029824211490041146
ACCESS-CM2,div1_QG,s,AMJ,0.08159995923727197
ACCESS-CM2,div1_QG,s,MJJ,0.13330064800295677
ACCESS-CM2,div1_QG,s,JJA,0.1440631308972858
ACCESS-CM2,div1_QG,s,JAS,0.14471532398480816
ACCESS-CM2,div1_QG,s,ASO,0.13555326158337697
ACCESS-CM2,div1_QG,s,SON,0.13084274905214505
ACCESS-CM2,div1_QG,s,OND,0.12984975236277974
ACCESS-CM2,div1_QG,s,NDJ,0.10565126770460834
ACCESS-CM2,div1_QG_123,n,DJF,0.004861735076505929
ACCESS-CM2,div1_QG_123,n,JFM,0.015245588273539046
ACCESS-CM2,div1_QG_123,n,FMA,0.01394689305631817
ACCESS-CM2,div1_QG_123,n,MAM,0.00795104466787104
ACCESS-CM2,div1_QG_123,n,AMJ,-0.009691856327014643
ACCESS-CM2,div1_QG_123,n,MJJ,-0.02169018637480989
ACCESS-CM2,div1_QG_123,n,JJA,-0.05540310400503488
ACCESS-CM2,div1_QG_123,n,JAS,-0.04857698595762521
ACCESS-CM2,div1_QG_123,n,ASO,-0.011172565999158855
ACCESS-CM2,div1_QG_123,n,SON,0.02215657580160427
ACCESS-CM2,div1_QG_123,n,OND,0.03381372147092659
ACCESS-CM2,div1_QG_123,n,NDJ,0.002854972471042043
ACCESS-CM2,div1_QG_123,s,DJF,-0.015706019331958407
ACCESS-CM2,div1_QG_123,s,JFM,-0.022463602681658618
ACCESS-CM2,div1_QG_123,s,FMA,-0.04243264410057209
ACCESS-CM2,div1_QG_123,s,MAM,-0.09982280525350506
ACCESS-CM2,div1_QG_123,s,AMJ,-0.08868446291783266
ACCESS-CM2,div1_QG_123,s,MJJ,-0.02868595225913851
ACCESS-CM2,div1_QG_123,s,JJA,-0.02940846968307732
ACCESS-CM2,div1_QG_123,s,JAS,-0.03875780840641228
ACCESS-CM2,div1_QG_123,s,ASO,-0.04510807316710315
ACCESS-CM2,div1_QG_123,s,SON,-0.03133913171261879
ACCESS-CM2,div1_QG_123,s,OND,-0.006722948217441389
ACCESS-CM2,div1_QG_123,s,NDJ,-0.01019275795593554
ACCESS-CM2,div1_QG_gt3,n,DJF,-0.01509477003541818
ACCESS-CM2,div1_QG_gt3,n,JFM,-0.010192851560664304
ACCESS-CM2,div1_QG_gt3,n,FMA,-0.022284011515199417
ACCESS-CM2,div1_QG_gt3,n,MAM,-0.010977435165891593
ACCESS-CM2,div1_QG_gt3,n,AMJ,-0.029034315794082458
ACCESS-CM2,div1_QG_gt3,n,MJJ,-0.02938839766490623
ACCESS-CM2,div1_QG_gt3,n,JJA,-0.047938128212917555
ACCESS-CM2,div1_QG_gt3,n,JAS,-0.03441133710107379
ACCESS-CM2,div1_QG_gt3,n,ASO,-0.005551202474322944
ACCESS-CM2,div1_QG_gt3,n,SON,-0.005189012663866343
ACCESS-CM2,div1_QG_gt3,n,OND,-0.0073248660214841905
ACCESS-CM2,div1_QG_gt3,n,NDJ,0.005661381304108394
ACCESS-CM2,div1_QG_gt3,s,DJF,0.11451031670135325
ACCESS-CM2,div1_QG_gt3,s,JFM,0.09519643692614244
ACCESS-CM2,div1_QG_gt3,s,FMA,0.10009910070694078
ACCESS-CM2,div1_QG_gt3,s,MAM,0.12964775971021436
ACCESS-CM2,div1_QG_gt3,s,AMJ,0.17028104984067732
ACCESS-CM2,div1_QG_gt3,s,MJJ,0.16197250282735787
ACCESS-CM2,div1_QG_gt3,s,JJA,0.17346140489370884
ACCESS-CM2,div1_QG_gt3,s,JAS,0.18347313239122043
ACCESS-CM2,div1_QG_gt3,s,ASO,0.1806613347504801
ACCESS-CM2,div1_QG_gt3,s,SON,0.16218188076476378
ACCESS-CM2,div1_QG_gt3,s,OND,0.13657328917945433
ACCESS-CM2,div1_QG_gt3,s,NDJ,0.11584473258082241
ACCESS-ESM1-5,div1_QG,n,DJF,-0.006226213056180672
ACCESS-ESM1-5,div1_QG,n,JFM,-0.004692100194512551
ACCESS-ESM1-5,div1_QG,n,FMA,0.0012503649198407768
ACCESS-ESM1-5,div1_QG,n,MAM,-0.02094812217896489
ACCESS-ESM1-5,div1_QG,n,AMJ,-0.030645848278978798
ACCESS-ESM1-5,div1_QG,n,MJJ,-0.08044689990402977
ACCESS-ESM1-5,div1_QG,n,JJA,-0.09517579308453221
ACCESS-ESM1-5,div1_QG,n,JAS,-0.09218576180683623
ACCESS-ESM1-5,div1_QG,n,ASO,-0.01461533933262959
ACCESS-ESM1-5,div1_QG,n,SON,-0.04250827665583366
ACCESS-ESM1-5,div1_QG,n,OND,-0.042213660872481296
ACCESS-ESM1-5,div1_QG,n,NDJ,-0.08611780241292212
ACCESS-ESM1-5,div1_QG,s,DJF,0.057601392907010183
ACCESS-ESM1-5,div1_QG,s,JFM,0.03193875459097233
ACCESS-ESM1-5,div1_QG,s,FMA,0.014053552673149687
ACCESS-ESM1-5,div1_QG,s,MAM,0.0009868759301040735
ACCESS-ESM1-5,div1_QG,s,AMJ,0.02423511137936181
ACCESS-ESM1-5,div1_QG,s,MJJ,0.05129908835432093
ACCESS-ESM1-5,div1_QG,s,JJA,0.02946348118599251
ACCESS-ESM1-5,div1_QG,s,JAS,0.05194287043941684
ACCESS-ESM1-5,div1_QG,s,ASO,0.06954343340064223
ACCESS-ESM1-5,div1_QG,s,SON,0.08652195399057541
ACCESS-ESM1-5,div1_QG,s,OND,0.07314675425318577
ACCESS-ESM1-5,div1_QG,s,NDJ,0.06614935171967078
ACCESS-ESM1-5,div1_QG_123,n,DJF,0.006106694141986016
ACCESS-ESM1-5,div1_QG_123,n,JFM,0.0019042544981468512
ACCESS-ESM1-5,div1_QG_123,n,FMA,-0.0008406614367078468
ACCESS-ESM1-5,div1_QG_123,n,MAM,-0.004856767298653226
ACCESS-ESM1-5,div1_QG_123,n,AMJ,0.007885819241851326
ACCESS-ESM1-5,div1_QG_123,n,MJJ,-0.014669813716604925
ACCESS-ESM1-5,div1_QG_123,n,JJA,-0.047912587632916545
ACCESS-ESM1-5,div1_QG_123,n,JAS,-0.07346435984058242
ACCESS-ESM1-5,div1_QG_123,n,ASO,-0.028743610596741628
ACCESS-ESM1-5,div1_QG_123,n,SON,-0.01961333537457934
ACCESS-ESM1-5,div1_QG_123,n,OND,-0.030142784023440804
ACCESS-ESM1-5,div1_QG_123,n,NDJ,-0.05817762546840431
ACCESS-ESM1-5,div1_QG_123,s,DJF,-0.02656588152830828
ACCESS-ESM1-5,div1_QG_123,s,JFM,-0.03088145370964649
ACCESS-ESM1-5,div1_QG_123,s,FMA,-0.046450342335219955
ACCESS-ESM1-5,div1_QG_123,s,MAM,-0.08760880793375017
ACCESS-ESM1-5,div1_QG_123,s,AMJ,-0.09899603577203872
ACCESS-ESM1-5,div1_QG_123,s,MJJ,-0.07289113221117291
ACCESS-ESM1-5,div1_QG_123,s,JJA,-0.05193200102436798
ACCESS-ESM1-5,div1_QG_123,s,JAS,-0.0550448577216923
ACCESS-ESM1-5,div1_QG_123,s,ASO,-0.03807502686545042
ACCESS-ESM1-5,div1_QG_123,s,SON,-0.03384223230220653
ACCESS-ESM1-5,div1_QG_123,s,OND,-0.03682398049113214
ACCESS-ESM1-5,div1_QG_123,s,NDJ,-0.030107753519594584
ACCESS-ESM1-5,div1_QG_gt3,n,DJF,-0.012332907198166685
ACCESS-ESM1-5,div1_QG_gt3,n,JFM,-0.006596354692659403
ACCESS-ESM1-5,div1_QG_gt3,n,FMA,0.0020910263565486194
ACCESS-ESM1-5,div1_QG_gt3,n,MAM,-0.01609135488031167
ACCESS-ESM1-5,div1_QG_gt3,n,AMJ,-0.03853166752083013
ACCESS-ESM1-5,div1_QG_gt3,n,MJJ,-0.06577708618742487
ACCESS-ESM1-5,div1_QG_gt3,n,JJA,-0.04726320545161567
ACCESS-ESM1-5,div1_QG_gt3,n,JAS,-0.018721401966253836
ACCESS-ESM1-5,div1_QG_gt3,n,ASO,0.014128271264112015
ACCESS-ESM1-5,div1_QG_gt3,n,SON,-0.022894941281254334
ACCESS-ESM1-5,div1_QG_gt3,n,OND,-0.012070876849040492
ACCESS-ESM1-5,div1_QG_gt3,n,NDJ,-0.02794017694451779
ACCESS-ESM1-5,div1_QG_gt3,s,DJF,0.08416727443531846
ACCESS-ESM1-5,div1_QG_gt3,s,JFM,0.06282020830061884
ACCESS-ESM1-5,div1_QG_gt3,s,FMA,0.060503719675448764
ACCESS-ESM1-5,div1_QG_gt3,s,MAM,0.08859516965420672
ACCESS-ESM1-5,div1_QG_gt3,s,AMJ,0.12323136336844309
ACCESS-ESM1-5,div1_QG_gt3,s,MJJ,0.1241902205654939
ACCESS-ESM1-5,div1_QG_gt3,s,JJA,0.0813954822103605
ACCESS-ESM1-5,div1_QG_gt3,s,JAS,0.10698772816110913
ACCESS-ESM1-5,div1_QG_gt3,s,ASO,0.1076187417030173
ACCESS-ESM1-5,div1_QG_gt3,s,SON,0.12036520184811161
ACCESS-ESM1-5,div1_QG_gt3,s,OND,0.10997073474431789
ACCESS-ESM1-5,div1_QG_gt3,s,NDJ,0.09625710523926535
BCC-CSM2-MR,div1_QG,n,DJF,0.1508981849524615
BCC-CSM2-MR,div1_QG,n,JFM,0.13234390774018326
BCC-CSM2-MR,div1_QG,n,FMA,0.09121959529593943
BCC-CSM2-MR,div1_QG,n,MAM,-0.0020625469746523434
BCC-CSM2-MR,div1_QG,n,AMJ,0.052527352287873315
BCC-CSM2-MR,div1_QG,n,MJJ,-0.03540447135834904
BCC-CSM2-MR,div1_QG,n,JJA,0.00796457906725789
BCC-CSM2-MR,div1_QG,n,JAS,0.03786825361357289
BCC-CSM2-MR,div1_QG,n,ASO,0.025945375050290737
BCC-CSM2-MR,div1_QG,n,SON,0.13259305902163615
BCC-CSM2-MR,div1_QG,n,OND,0.13449488003232826
BCC-CSM2-MR,div1_QG,n,NDJ,0.16213681103751104
BCC-CSM2-MR,div1_QG,s,DJF,0.08872010801950253
BCC-CSM2-MR,div1_QG,s,JFM,0.09094502414098668
BCC-CSM2-MR,div1_QG,s,FMA,0.07993268699087769
BCC-CSM2-MR,div1_QG,s,MAM,0.07484017807826629
BCC-CSM2-MR,div1_QG,s,AMJ,0.06721541864337824
BCC-CSM2-MR,div1_QG,s,MJJ,0.07923015908000972
BCC-CSM2-MR,div1_QG,s,JJA,0.08416443089504275
BCC-CSM2-MR,div1_QG,s,JAS,0.054335477213549144
BCC-CSM2-MR,div1_QG,s,ASO,0.028181429984389095
BCC-CSM2-MR,div1_QG,s,SON,0.07840528400287017
BCC-CSM2-MR,div1_QG,s,OND,0.0999737998963948
BCC-CSM2-MR,div1_QG,s,NDJ,0.09842480736836771
BCC-CSM2-MR,div1_QG_123,n,DJF,0.03297170662934022
BCC-CSM2-MR,div1_QG_123,n,JFM,0.030735707869587098
BCC-CSM2-MR,div1_QG_123,n,FMA,0.007235862326878112
BCC-CSM2-MR,div1_QG_123,n,MAM,-0.06993189669306
BCC-CSM2-MR,div1_QG_123,n,AMJ,-0.05679363663221411
BCC-CSM2-MR,div1_QG_123,n,MJJ,-0.06825849711338662
BCC-CSM2-MR,div1_QG_123,n,JJA,-0.042038907397158806
BCC-CSM2-MR,div1_QG_123,n,JAS,-0.05664221883430551
BCC-CSM2-MR,div1_QG_123,n,ASO,-0.1054682107265108
BCC-CSM2-MR,div1_QG_123,n,SON,-0.0057795886624111645
BCC-CSM2-MR,div1_QG_123,n,OND,0.013102245740517928
BCC-CSM2-MR,div1_QG_123,n,NDJ,0.04359017971921313
BCC-CSM2-MR,div1_QG_123,s,DJF,-0.030145636272878945
BCC-CSM2-MR,div1_QG_123,s,JFM,-0.025943598147535128
BCC-CSM2-MR,div1_QG_123,s,FMA,-0.032032267494602334
BCC-CSM2-MR,div1_QG_123,s,MAM,-0.023503293742374757
BCC-CSM2-MR,div1_QG_123,s,AMJ,-0.012980180232747624
BCC-CSM2-MR,div1_QG_123,s,MJJ,-0.04903954829101176
BCC-CSM2-MR,div1_QG_123,s,JJA,-0.08844633104372307
BCC-CSM2-MR,div1_QG_123,s,JAS,-0.11907803852603006
BCC-CSM2-MR,div1_QG_123,s,ASO,-0.11815240195900656
BCC-CSM2-MR,div1_QG_123,s,SON,-0.03808938506122455
BCC-CSM2-MR,div1_QG_123,s,OND,-0.02416245617285171
BCC-CSM2-MR,div1_QG_123,s,NDJ,-0.02435581742412152
BCC-CSM2-MR,div1_QG_gt3,n,DJF,0.11792647832312124
BCC-CSM2-MR,div1_QG_gt3,n,JFM,0.10160819987059617
BCC-CSM2-MR,div1_QG_gt3,n,FMA,0.08398373296906132
BCC-CSM2-MR,div1_QG_gt3,n,MAM,0.06786934971840765
BCC-CSM2-MR,div1_QG_gt3,n,AMJ,0.10932098892008744
BCC-CSM2-MR,div1_QG_gt3,n,MJJ,0.03285402575503758
BCC-CSM2-MR,div1_QG_gt3,n,JJA,0.05000348646441673
BCC-CSM2-MR,div1_QG_gt3,n,JAS,0.0945104724478784
BCC-CSM2-MR,div1_QG_gt3,n,ASO,0.1314135857768015
BCC-CSM2-MR,div1_QG_gt3,n,SON,0.1383726476840473
BCC-CSM2-MR,div1_QG_gt3,n,OND,0.12139263429181034
BCC-CSM2-MR,div1_QG_gt3,n,NDJ,0.1185466313182979
BCC-CSM2-MR,div1_QG_gt3,s,DJF,0.11886574429238148
BCC-CSM2-MR,div1_QG_gt3,s,JFM,0.11688862228852179
BCC-CSM2-MR,div1_QG_gt3,s,FMA,0.11196495448548001
BCC-CSM2-MR,div1_QG_gt3,s,MAM,0.09834347182064108
BCC-CSM2-MR,div1_QG_gt3,s,AMJ,0.0801955988761259
BCC-CSM2-MR,div1_QG_gt3,s,MJJ,0.12826970737102147
BCC-CSM2-MR,div1_QG_gt3,s,JJA,0.17261076193876584
BCC-CSM2-MR,div1_QG_gt3,s,JAS,0.1734135157395792
BCC-CSM2-MR,div1_QG_gt3,s,ASO,0.14633383194339564
BCC-CSM2-MR,div1_QG_gt3,s,SON,0.11649466906409472
BCC-CSM2-MR,div1_QG_gt3,s,OND,0.1241362560692465
BCC-CSM2-MR,div1_QG_gt3,s,NDJ,0.12278062479248925
CMCC-CM2-HR4,div1_QG,n,DJF,0.1326935590459959
CMCC-CM2-HR4,div1_QG,n,JFM,0.1304219397092707
CMCC-CM2-HR4,div1_QG,n,FMA,0.1479480680124308
CMCC-CM2-HR4,div1_QG,n,MAM,0.11165685629321871
CMCC-CM2-HR4,div1_QG,n,AMJ,0.0891601165899368
CMCC-CM2-HR4,div1_QG,n,MJJ,0.0005662881715317338
CMCC-CM2-HR4,div1_QG,n,JJA,0.027257666932318278
CMCC-CM2-HR4,div1_QG,n,JAS,0.05474038648376964
CMCC-CM2-HR4,div1_QG,n,ASO,0.131849009516374
CMCC-CM2-HR4,div1_QG,n,SON,0.14316870608803173
CMCC-CM2-HR4,div1_QG,n,OND,0.07607524126313754
CMCC-CM2-HR4,div1_QG,n,NDJ,0.13140018675641735
CMCC-CM2-HR4,div1_QG,s,DJF,0.040079084019466214
CMCC-CM2-HR4,div1_QG,s,JFM,0.02024845036142444
CMCC-CM2-HR4,div1_QG,s,FMA,-0.02403225031923505
CMCC-CM2-HR4,div1_QG,s,MAM,-0.0947336731632202
CMCC-CM2-HR4,div1_QG,s,AMJ,-0.03749057621725758
CMCC-CM2-HR4,div1_QG,s,MJJ,0.015162718426099158
CMCC-CM2-HR4,div1_QG,s,JJA,0.027848806961485985
CMCC-CM2-HR4,div1_QG,s,JAS,0.0844622543018527
CMCC-CM2-HR4,div1_QG,s,ASO,0.07723457587658929
CMCC-CM2-HR4,div1_QG,s,SON,0.05201590687778407
CMCC-CM2-HR4,div1_QG,s,OND,0.04221844847343346
CMCC-CM2-HR4,div1_QG,s,NDJ,0.04131580893672982
CMCC-CM2-HR4,div1_QG_123,n,DJF,0.041084505442721145
CMCC-CM2-HR4,div1_QG_123,n,JFM,0.04697819633684835
CMCC-CM2-HR4,div1_QG_123,n,FMA,0.045840837348107934
CMCC-CM2-HR4,div1_QG_123,n,MAM,-0.0033260964044506225
CMCC-CM2-HR4,div1_QG_123,n,AMJ,-0.009645860615640385
CMCC-CM2-HR4,div1_QG_123,n,MJJ,-0.07985293911328604
CMCC-CM2-HR4,div1_QG_123,n,JJA,-0.05553513466341384
CMCC-CM2-HR4,div1_QG_123,n,JAS,0.001470950373151851
CMCC-CM2-HR4,div1_QG_123,n,ASO,0.028094548446841873
CMCC-CM2-HR4,div1_QG_123,n,SON,0.00812817638549101
CMCC-CM2-HR4,div1_QG_123,n,OND,-0.012310978646546712
CMCC-CM2-HR4,div1_QG_123,n,NDJ,0.008179293605771265
CMCC-CM2-HR4,div1_QG_123,s,DJF,-0.037912221072959676
CMCC-CM2-HR4,div1_QG_123,s,JFM,-0.06531170954492439
CMCC-CM2-HR4,div1_QG_123,s,FMA,-0.07436651686173185
CMCC-CM2-HR4,div1_QG_123,s,MAM,-0.11599567155086042
CMCC-CM2-HR4,div1_QG_123,s,AMJ,-0.12943865249918016
CMCC-CM2-HR4,div1_QG_123,s,MJJ,-0.12203758213966497
CMCC-CM2-HR4,div1_QG_123,s,JJA,-0.11132405460118877
CMCC-CM2-HR4,div1_QG_123,s,JAS,-0.04103752837001255
CMCC-CM2-HR4,div1_QG_123,s,ASO,-0.02343696850888773
CMCC-CM2-HR4,div1_QG_123,s,SON,-0.015233466451627488
CMCC-CM2-HR4,div1_QG_123,s,OND,-0.016221938724695104
CMCC-CM2-HR4,div1_QG_123,s,NDJ,-0.02729263249615566
CMCC-CM2-HR4,div1_QG_gt3,n,DJF,0.09160905360327473
CMCC-CM2-HR4,div1_QG_gt3,n,JFM,0.08344374337242237
CMCC-CM2-HR4,div1_QG_gt3,n,FMA,0.10210723066432287
CMCC-CM2-HR4,div1_QG_gt3,n,MAM,0.1149829526976693
CMCC-CM2-HR4,div1_QG_gt3,n,AMJ,0.09880597720557717
CMCC-CM2-HR4,div1_QG_gt3,n,MJJ,0.0804192272848178
CMCC-CM2-HR4,div1_QG_gt3,n,JJA,0.08279280159573207
CMCC-CM2-HR4,div1_QG_gt3,n,JAS,0.05326943611061778
CMCC-CM2-HR4,div1_QG_gt3,n,ASO,0.1037544610695321
CMCC-CM2-HR4,div1_QG_gt3,n,SON,0.1350405297025407
CMCC-CM2-HR4,div1_QG_gt3,n,OND,0.08838621990968427
CMCC-CM2-HR4,div1_QG_gt3,n,NDJ,0.1232208931506461
CMCC-CM2-HR4,div1_QG_gt3,s,DJF,0.07799130509242588
CMCC-CM2-HR4,div1_QG_gt3,s,JFM,0.0855601599063488
CMCC-CM2-HR4,div1_QG_gt3,s,FMA,0.0503342665424968
CMCC-CM2-HR4,div1_QG_gt3,s,MAM,0.021261998387640216
CMCC-CM2-HR4,div1_QG_gt3,s,AMJ,0.09194807628192254
CMCC-CM2-HR4,div1_QG_gt3,s,MJJ,0.13720030056576407
CMCC-CM2-HR4,div1_QG_gt3,s,JJA,0.13917286156267472
CMCC-CM2-HR4,div1_QG_gt3,s,JAS,0.12549978267186523
CMCC-CM2-HR4,div1_QG_gt3,s,ASO,0.10067154438547701
CMCC-CM2-HR4,div1_QG_gt3,s,SON,0.06724937332941157
CMCC-CM2-HR4,div1_QG_gt3,s,OND,0.058440387198128545
CMCC-CM2-HR4,div1_QG_gt3,s,NDJ,0.06860844143288548
CMCC-CM2-SR5,div1_QG,n,DJF,0.13421317056277526
CMCC-CM2-SR5,div1_QG,n,JFM,0.12556948768598863
CMCC-CM2-SR5,div1_QG,n,FMA,0.11386197825637373
CMCC-CM2-SR5,div1_QG,n,MAM,0.09738119441858538
CMCC-CM2-SR5,div1_QG,n,AMJ,0.10162163875717221
CMCC-CM2-SR5,div1_QG,n,MJJ,0.042357912547573505
CMCC-CM2-SR5,div1_QG,n,JJA,-0.025253357983886466
CMCC-CM2-SR5,div1_QG,n,JAS,0.0102900915508253
CMCC-CM2-SR5,div1_QG,n,ASO,0.05162586476337201
CMCC-CM2-SR5,div1_QG,n,SON,-0.019905308739573576
CMCC-CM2-SR5,div1_QG,n,OND,0.119994036142199
CMCC-CM2-SR5,div1_QG,n,NDJ,0.10817981210526131
CMCC-CM2-SR5,div1_QG,s,DJF,0.04299001180765916
CMCC-CM2-SR5,div1_QG,s,JFM,0.013599930725915206
CMCC-CM2-SR5,div1_QG,s,FMA,0.013026028158243835
CMCC-CM2-SR5,div1_QG,s,MAM,0.06522112343062275
CMCC-CM2-SR5,div1_QG,s,AMJ,0.0795201798286189
CMCC-CM2-SR5,div1_QG,s,MJJ,0.09316017930707521
CMCC-CM2-SR5,div1_QG,s,JJA,0.08422965830688985
CMCC-CM2-SR5,div1_QG,s,JAS,0.08656135478760937
CMCC-CM2-SR5,div1_QG,s,ASO,0.08961331811354341
CMCC-CM2-SR5,div1_QG,s,SON,0.07116402529836308
CMCC-CM2-SR5,div1_QG,s,OND,0.08515948297091358
CMCC-CM2-SR5,div1_QG,s,NDJ,0.06262638545579366
CMCC-CM2-SR5,div1_QG_123,n,DJF,0.05450887035350193
CMCC-CM2-SR5,div1_QG_123,n,JFM,0.051627436275409215
CMCC-CM2-SR5,div1_QG_123,n,FMA,0.03484303659438025
CMCC-CM2-SR5,div1_QG_123,n,MAM,-0.0025512860453136632
CMCC-CM2-SR5,div1_QG_123,n,AMJ,-0.04136124060086692
CMCC-CM2-SR5,div1_QG_123,n,MJJ,-0.04441482676144971
CMCC-CM2-SR5,div1_QG_123,n,JJA,-0.08843811801915676
CMCC-CM2-SR5,div1_QG_123,n,JAS,-0.0981333743820046
CMCC-CM2-SR5,div1_QG_123,n,ASO,-0.07640789410187689
CMCC-CM2-SR5,div1_QG_123,n,SON,-0.07629867783661962
CMCC-CM2-SR5,div1_QG_123,n,OND,0.038642973100240285
CMCC-CM2-SR5,div1_QG_123,n,NDJ,0.030831135314726633
CMCC-CM2-SR5,div1_QG_123,s,DJF,-0.025281611737197385
CMCC-CM2-SR5,div1_QG_123,s,JFM,-0.03676473333743654
CMCC-CM2-SR5,div1_QG_123,s,FMA,-0.04657278523452627
CMCC-CM2-SR5,div1_QG_123,s,MAM,-0.04039294086182049
CMCC-CM2-SR5,div1_QG_123,s,AMJ,-0.03974724185266323
CMCC-CM2-SR5,div1_QG_123,s,MJJ,-0.02210072488411933
CMCC-CM2-SR5,div1_QG_123,s,JJA,-0.017362291090743557
CMCC-CM2-SR5,div1_QG_123,s,JAS,-0.010651481801671667
CMCC-CM2-SR5,div1_QG_123,s,ASO,-0.03350768419551882
CMCC-CM2-SR5,div1_QG_123,s,SON,-0.037277356340936096
CMCC-CM2-SR5,div1_QG_123,s,OND,-0.017992896510219014
CMCC-CM2-SR5,div1_QG_123,s,NDJ,-0.020857634945350517
CMCC-CM2-SR5,div1_QG_gt3,n,DJF,0.07970430020927333
CMCC-CM2-SR5,div1_QG_gt3,n,JFM,0.07394205141057938
CMCC-CM2-SR5,div1_QG_gt3,n,FMA,0.07901894166199348
CMCC-CM2-SR5,div1_QG_gt3,n,MAM,0.09993248046389902
CMCC-CM2-SR5,div1_QG_gt3,n,AMJ,0.14298287935803916
CMCC-CM2-SR5,div1_QG_gt3,n,MJJ,0.0867727393090232
CMCC-CM2-SR5,div1_QG_gt3,n,JJA,0.0631847600352703
CMCC-CM2-SR5,div1_QG_gt3,n,JAS,0.10842346593282985
CMCC-CM2-SR5,div1_QG_gt3,n,ASO,0.1280337588652489
CMCC-CM2-SR5,div1_QG_gt3,n,SON,0.05639336909704605
CMCC-CM2-SR5,div1_QG_gt3,n,OND,0.08135106304195872
CMCC-CM2-SR5,div1_QG_gt3,n,NDJ,0.07734867679053468
CMCC-CM2-SR5,div1_QG_gt3,s,DJF,0.06827162354485655
CMCC-CM2-SR5,div1_QG_gt3,s,JFM,0.05036466406335172
CMCC-CM2-SR5,div1_QG_gt3,s,FMA,0.059598813392770095
CMCC-CM2-SR5,div1_QG_gt3,s,MAM,0.10561406429244326
CMCC-CM2-SR5,div1_QG_gt3,s,AMJ,0.11926742168128215
CMCC-CM2-SR5,div1_QG_gt3,s,MJJ,0.11526090419119452
CMCC-CM2-SR5,div1_QG_gt3,s,JJA,0.10159194939763334
CMCC-CM2-SR5,div1_QG_gt3,s,JAS,0.09721283658928105
CMCC-CM2-SR5,div1_QG_gt3,s,ASO,0.12312100230906224
CMCC-CM2-SR5,div1_QG_gt3,s,SON,0.10844138163929913
CMCC-CM2-SR5,div1_QG_gt3,s,OND,0.1031523794811326
CMCC-CM2-SR5,div1_QG_gt3,s,NDJ,0.0834840204011442
CNRM-CM6-1-HR,div1_QG,n,DJF,0.1655508155864342
CNRM-CM6-1-HR,div1_QG,n,JFM,0.1499317723418008
CNRM-CM6-1-HR,div1_QG,n,FMA,0.12195269950574125
CNRM-CM6-1-HR,div1_QG,n,MAM,0.016888030653953594
CNRM-CM6-1-HR,div1_QG,n,AMJ,-0.46062556736460025
CNRM-CM6-1-HR,div1_QG,n,MJJ,-0.20504324307691113
CNRM-CM6-1-HR,div1_QG,n,JJA,-0.12865492579071705
CNRM-CM6-1-HR,div1_QG,n,JAS,-0.06559047620293856
CNRM-CM6-1-HR,div1_QG,n,ASO,0.07490127741952408
CNRM-CM6-1-HR,div1_QG,n,SON,0.04553103800165233
CNRM-CM6-1-HR,div1_QG,n,OND,0.15016622543862923
CNRM-CM6-1-HR,div1_QG,n,NDJ,0.163811433667471
CNRM-CM6-1-HR,div1_QG,s,DJF,0.044184216404670726
CNRM-CM6-1-HR,div1_QG,s,JFM,0.00981797720424976
CNRM-CM6-1-HR,div1_QG,s,FMA,-0.011787256640819203
CNRM-CM6-1-HR,div1_QG,s,MAM,-0.007351739804838215
CNRM-CM6-1-HR,div1_QG,s,AMJ,0.008947076795637644
CNRM-CM6-1-HR,div1_QG,s,MJJ,0.05970500984410321
CNRM-CM6-1-HR,div1_QG,s,JJA,0.07021101890484702
CNRM-CM6-1-HR,div1_QG,s,JAS,0.06647528192890378
CNRM-CM6-1-HR,div1_QG,s,ASO,0.048426695554053434
CNRM-CM6-1-HR,div1_QG,s,SON,0.04998485495950439
CNRM-CM6-1-HR,div1_QG,s,OND,0.05157479206782073
CNRM-CM6-1-HR,div1_QG,s,NDJ,0.05211261608640211
CNRM-CM6-1-HR,div1_QG_123,n,DJF,0.07974322055342925
CNRM-CM6-1-HR,div1_QG_123,n,JFM,0.06158555674254931
CNRM-CM6-1-HR,div1_QG_123,n,FMA,0.05015881937615732
CNRM-CM6-1-HR,div1_QG_123,n,MAM,-0.03123623307636203
CNRM-CM6-1-HR,div1_QG_123,n,AMJ,-0.2611851581336858
CNRM-CM6-1-HR,div1_QG_123,n,MJJ,-0.16611280328844893
CNRM-CM6-1-HR,div1_QG_123,n,JJA,-0.0680668099049955
CNRM-CM6-1-HR,div1_QG_123,n,JAS,-0.11543067417986319
CNRM-CM6-1-HR,div1_QG_123,n,ASO,-0.047382484234660155
CNRM-CM6-1-HR,div1_QG_123,n,SON,-0.07921270739580233
CNRM-CM6-1-HR,div1_QG_123,n,OND,-0.015700722781310236
CNRM-CM6-1-HR,div1_QG_123,n,NDJ,0.04077271558457523
CNRM-CM6-1-HR,div1_QG_123,s,DJF,-0.025119531904061763
CNRM-CM6-1-HR,div1_QG_123,s,JFM,-0.04284538554907147
CNRM-CM6-1-HR,div1_QG_123,s,FMA,-0.044080624980916396
CNRM-CM6-1-HR,div1_QG_123,s,MAM,-0.04168261421007842
CNRM-CM6-1-HR,div1_QG_123,s,AMJ,-0.021165240699295436
CNRM-CM6-1-HR,div1_QG_123,s,MJJ,-0.003478115683283892
CNRM-CM6-1-HR,div1_QG_123,s,JJA,0.003559134895250444
CNRM-CM6-1-HR,div1_QG_123,s,JAS,-0.0008352217110111954
CNRM-CM6-1-HR,div1_QG_123,s,ASO,-0.028984480172993002
CNRM-CM6-1-HR,div1_QG_123,s,SON,-0.027449184047591196
CNRM-CM6-1-HR,div1_QG_123,s,OND,-0.03117951553006978
CNRM-CM6-1-HR,div1_QG_123,s,NDJ,-0.023123835317335164
CNRM-CM6-1-HR,div1_QG_gt3,n,DJF,0.08591749692474958
CNRM-CM6-1-HR,div1_QG_gt3,n,JFM,0.08828016881351983
CNRM-CM6-1-HR,div1_QG_gt3,n,FMA,0.07172651605158713
CNRM-CM6-1-HR,div1_QG_gt3,n,MAM,0.048089888394734014
CNRM-CM6-1-HR,div1_QG_gt3,n,AMJ,-0.19910566112345046
CNRM-CM6-1-HR,div1_QG_gt3,n,MJJ,-0.03886752531984096
CNRM-CM6-1-HR,div1_QG_gt3,n,JJA,-0.060580050785705136
CNRM-CM6-1-HR,div1_QG_gt3,n,JAS,0.04962952708483738
CNRM-CM6-1-HR,div1_QG_gt3,n,ASO,0.12147057255165875
CNRM-CM6-1-HR,div1_QG_gt3,n,SON,0.124265305439747
CNRM-CM6-1-HR,div1_QG_gt3,n,OND,0.1654803300411547
CNRM-CM6-1-HR,div1_QG_gt3,n,NDJ,0.12311498497004628
CNRM-CM6-1-HR,div1_QG_gt3,s,DJF,0.06937238115187958
CNRM-CM6-1-HR,div1_QG_gt3,s,JFM,0.052718393764277775
CNRM-CM6-1-HR,div1_QG_gt3,s,FMA,0.032351535313293246
CNRM-CM6-1-HR,div1_QG_gt3,s,MAM,0.034294353098428036
CNRM-CM6-1-HR,div1_QG_gt3,s,AMJ,0.030092868156488338
CNRM-CM6-1-HR,div1_QG_gt3,s,MJJ,0.06287537528493183
CNRM-CM6-1-HR,div1_QG_gt3,s,JJA,0.06638646062483913
CNRM-CM6-1-HR,div1_QG_gt3,s,JAS,0.06727516278593054
CNRM-CM6-1-HR,div1_QG_gt3,s,ASO,0.07743160052822927
CNRM-CM6-1-HR,div1_QG_gt3,s,SON,0.0774284588577906
CNRM-CM6-1-HR,div1_QG_gt3,s,OND,0.08275654887985147
CNRM-CM6-1-HR,div1_QG_gt3,s,NDJ,0.07527907793110446
EC-Earth3,div1_QG,n,DJF,0.14056200087619947
EC-Earth3,div1_QG,n,JFM,0.12349470273778665
EC-Earth3,div1_QG,n,FMA,0.06195888187229219
EC-Earth3,div1_QG,n,MAM,0.0069521453356216015
EC-Earth3,div1_QG,n,AMJ,0.01841935189361702
EC-Earth3,div1_QG,n,MJJ,-0.038676698845172365
EC-Earth3,div1_QG,n,JJA,0.00637947734854102
EC-Earth3,div1_QG,n,JAS,0.036336732914137956
EC-Earth3,div1_QG,n,ASO,0.02236838788980014
EC-Earth3,div1_QG,n,SON,0.06605322076089107
EC-Earth3,div1_QG,n,OND,0.1300257015869059
EC-Earth3,div1_QG,n,NDJ,0.17235427648993745
EC-Earth3,div1_QG,s,DJF,0.041327458226571814
EC-Earth3,div1_QG,s,JFM,0.021136849265423606
EC-Earth3,div1_QG,s,FMA,3.4441866035529387e-05
EC-Earth3,div1_QG,s,MAM,0.03230075364986035
EC-Earth3,div1_QG,s,AMJ,0.020721428700146184
EC-Earth3,div1_QG,s,MJJ,0.07558439978265864
EC-Earth3,div1_QG,s,JJA,0.10570272265621088
EC-Earth3,div1_QG,s,JAS,0.06065356329030543
EC-Earth3,div1_QG,s,ASO,0.06354710318315686
EC-Earth3,div1_QG,s,SON,0.07493281277407797
EC-Earth3,div1_QG,s,OND,0.06084038373460731
EC-Earth3,div1_QG,s,NDJ,0.05495874644273275
EC-Earth3,div1_QG_123,n,DJF,0.03967358568854034
EC-Earth3,div1_QG_123,n,JFM,0.03025896358400688
EC-Earth3,div1_QG_123,n,FMA,-0.017225922583298508
EC-Earth3,div1_QG_123,n,MAM,-0.05166901392519161
EC-Earth3,div1_QG_123,n,AMJ,-0.009410446301469345
EC-Earth3,div1_QG_123,n,MJJ,-0.057651732438850745
EC-Earth3,div1_QG_123,n,JJA,-0.023228373229547752
EC-Earth3,div1_QG_123,n,JAS,-0.03958434025195958
EC-Earth3,div1_QG_123,n,ASO,-0.04652280938919954
EC-Earth3,div1_QG_123,n,SON,0.009666668003703981
EC-Earth3,div1_QG_123,n,OND,0.057327720005249376
EC-Earth3,div1_QG_123,n,NDJ,0.08824227135428689
EC-Earth3,div1_QG_123,s,DJF,-0.019724840079578074
EC-Earth3,div1_QG_123,s,JFM,-0.0381696019935103
EC-Earth3,div1_QG_123,s,FMA,-0.057383823733554995
EC-Earth3,div1_QG_123,s,MAM,-0.038892286345916696
EC-Earth3,div1_QG_123,s,AMJ,-0.04101047266923569
EC-Earth3,div1_QG_123,s,MJJ,-0.03852819745737345
EC-Earth3,div1_QG_123,s,JJA,-0.017366360515026116
EC-Earth3,div1_QG_123,s,JAS,-0.0126912276653968
EC-Earth3,div1_QG_123,s,ASO,0.0072122218665942334
EC-Earth3,div1_QG_123,s,SON,-0.02507166594164964
EC-Earth3,div1_QG_123,s,OND,-0.029047414332480696
EC-Earth3,div1_QG_123,s,NDJ,-0.027316134745976797
EC-Earth3,div1_QG_gt3,n,DJF,0.10088841518765912
EC-Earth3,div1_QG_gt3,n,JFM,0.09323573915377978
EC-Earth3,div1_QG_gt3,n,FMA,0.07918480445559067
EC-Earth3,div1_QG_gt3,n,MAM,0.0586211592608132
EC-Earth3,div1_QG_gt3,n,AMJ,0.027829798195086353
EC-Earth3,div1_QG_gt3,n,MJJ,0.01897503359367836
EC-Earth3,div1_QG_gt3,n,JJA,0.02960785057808878
EC-Earth3,div1_QG_gt3,n,JAS,0.07592107316609747
EC-Earth3,div1_QG_gt3,n,ASO,0.06889119727899966
EC-Earth3,div1_QG_gt3,n,SON,0.05638655275718707
EC-Earth3,div1_QG_gt3,n,OND,0.07269798158165655
EC-Earth3,div1_QG_gt3,n,NDJ,0.08411200513565056
EC-Earth3,div1_QG_gt3,s,DJF,0.061052298306149874
EC-Earth3,div1_QG_gt3,s,JFM,0.05930645125893389
EC-Earth3,div1_QG_gt3,s,FMA,0.05741826559959053
EC-Earth3,div1_QG_gt3,s,MAM,0.07119303999577707
EC-Earth3,div1_QG_gt3,s,AMJ,0.061731901369381836
EC-Earth3,div1_QG_gt3,s,MJJ,0.11411259724003209
EC-Earth3,div1_QG_gt3,s,JJA,0.12306908317123698
EC-Earth3,div1_QG_gt3,s,JAS,0.07334479095570225
EC-Earth3,div1_QG_gt3,s,ASO,0.05633488131656261
EC-Earth3,div1_QG_gt3,s,SON,0.10000447871572764
EC-Earth3,div1_QG_gt3,s,OND,0.089887798067088
EC-Earth3,div1_QG_gt3,s,NDJ,0.08227488118870954
EC-Earth3-AerChem,div1_QG,n,DJF,0.1690042587763691
EC-Earth3-AerChem,div1_QG,n,JFM,0.09356405239410988
EC-Earth3-AerChem,div1_QG,n,FMA,0.042499230903410005
EC-Earth3-AerChem,div1_QG,n,MAM,0.04582645075544471
EC-Earth3-AerChem,div1_QG,n,AMJ,0.05894516681832128
EC-Earth3-AerChem,div1_QG,n,MJJ,0.0034287154336721266
EC-Earth3-AerChem,div1_QG,n,JJA,0.057891597962708055
EC-Earth3-AerChem,div1_QG,n,JAS,-0.05658707744206101
EC-Earth3-AerChem,div1_QG,n,ASO,0.04228909657766365
EC-Earth3-AerChem,div1_QG,n,SON,0.07361669479313533
EC-Earth3-AerChem,div1_QG,n,OND,0.18047345900913322
EC-Earth3-AerChem,div1_QG,n,NDJ,0.17754154792278418
EC-Earth3-AerChem,div1_QG,s,DJF,0.044187457773327776
EC-Earth3-AerChem,div1_QG,s,JFM,0.036459175734416344
EC-Earth3-AerChem,div1_QG,s,FMA,0.016255504751639976
EC-Earth3-AerChem,div1_QG,s,MAM,-0.04444746391916781
EC-Earth3-AerChem,div1_QG,s,AMJ,-0.03568593113554173
EC-Earth3-AerChem,div1_QG,s,MJJ,0.041856269331599597
EC-Earth3-AerChem,div1_QG,s,JJA,0.04723085621839852
EC-Earth3-AerChem,div1_QG,s,JAS,0.0611788070347022
EC-Earth3-AerChem,div1_QG,s,ASO,0.048177743126052074
EC-Earth3-AerChem,div1_QG,s,SON,0.05612380863250775
EC-Earth3-AerChem,div1_QG,s,OND,0.050156206997352785
EC-Earth3-AerChem,div1_QG,s,NDJ,0.05036204626026262
EC-Earth3-AerChem,div1_QG_123,n,DJF,0.07833501883350671
EC-Earth3-AerChem,div1_QG_123,n,JFM,0.05140148554531807
EC-Earth3-AerChem,div1_QG_123,n,FMA,-0.012340642935680523
EC-Earth3-AerChem,div1_QG_123,n,MAM,-0.005712594558782301
EC-Earth3-AerChem,div1_QG_123,n,AMJ,-0.048357892732399016
EC-Earth3-AerChem,div1_QG_123,n,MJJ,-0.15582714314374654
EC-Earth3-AerChem,div1_QG_123,n,JJA,-0.11794112565323726
EC-Earth3-AerChem,div1_QG_123,n,JAS,-0.14224316602659587
EC-Earth3-AerChem,div1_QG_123,n,ASO,-0.0018442912652623278
EC-Earth3-AerChem,div1_QG_123,n,SON,-0.02532071465640391
EC-Earth3-AerChem,div1_QG_123,n,OND,0.025688612971325825
EC-Earth3-AerChem,div1_QG_123,n,NDJ,0.062244785788998475
EC-Earth3-AerChem,div1_QG_123,s,DJF,-0.02410078453312027
EC-Earth3-AerChem,div1_QG_123,s,JFM,-0.03994744580355224
EC-Earth3-AerChem,div1_QG_123,s,FMA,-0.08537782883417284
EC-Earth3-AerChem,div1_QG_123,s,MAM,-0.07339063127084139
EC-Earth3-AerChem,div1_QG_123,s,AMJ,-0.010892382988872022
EC-Earth3-AerChem,div1_QG_123,s,MJJ,0.010537665320244274
EC-Earth3-AerChem,div1_QG_123,s,JJA,-0.010876021459288485
EC-Earth3-AerChem,div1_QG_123,s,JAS,-0.030475985817312555
EC-Earth3-AerChem,div1_QG_123,s,ASO,-0.04573698581905179
EC-Earth3-AerChem,div1_QG_123,s,SON,-0.03371472079616374
EC-Earth3-AerChem,div1_QG_123,s,OND,-0.02593855502009492
EC-Earth3-AerChem,div1_QG_123,s,NDJ,-0.03592436817754862
EC-Earth3-AerChem,div1_QG_gt3,n,DJF,0.0906692399428624
EC-Earth3-AerChem,div1_QG_gt3,n,JFM,0.04216256684879182
EC-Earth3-AerChem,div1_QG_gt3,n,FMA,0.05483987383909053
EC-Earth3-AerChem,div1_QG_gt3,n,MAM,0.051539045314227
EC-Earth3-AerChem,div1_QG_gt3,n,AMJ,0.10730305955072028
EC-Earth3-AerChem,div1_QG_gt3,n,MJJ,0.15925585857741864
EC-Earth3-AerChem,div1_QG_gt3,n,JJA,0.17583272361594532
EC-Earth3-AerChem,div1_QG_gt3,n,JAS,0.08565608858453477
EC-Earth3-AerChem,div1_QG_gt3,n,ASO,0.04413338784292599
EC-Earth3-AerChem,div1_QG_gt3,n,SON,0.09893740944953926
EC-Earth3-AerChem,div1_QG_gt3,n,OND,0.1547848460378074
EC-Earth3-AerChem,div1_QG_gt3,n,NDJ,0.11529676213378569
EC-Earth3-AerChem,div1_QG_gt3,s,DJF,0.06828824230644803
EC-Earth3-AerChem,div1_QG_gt3,s,JFM,0.07640662153796857
EC-Earth3-AerChem,div1_QG_gt3,s,FMA,0.10163333358581278
EC-Earth3-AerChem,div1_QG_gt3,s,MAM,0.028943167351673633
EC-Earth3-AerChem,div1_QG_gt3,s,AMJ,-0.024793548146669595
EC-Earth3-AerChem,div1_QG_gt3,s,MJJ,0.03131860401135533
EC-Earth3-AerChem,div1_QG_gt3,s,JJA,0.05810687767768696
EC-Earth3-AerChem,div1_QG_gt3,s,JAS,0.09165479285201475
EC-Earth3-AerChem,div1_QG_gt3,s,ASO,0.09391472894510385
EC-Earth3-AerChem,div1_QG_gt3,s,SON,0.08983852942867149
EC-Earth3-AerChem,div1_QG_gt3,s,OND,0.07609476201744766
EC-Earth3-AerChem,div1_QG_gt3,s,NDJ,0.08628641443781127
EC-Earth3-CC,div1_QG,n,DJF,0.05647951711815037
EC-Earth3-CC,div1_QG,n,JFM,0.0514574467665165
EC-Earth3-CC,div1_QG,n,FMA,0.04906654213671734
EC-Earth3-CC,div1_QG,n,MAM,0.04150175448209848
EC-Earth3-CC,div1_QG,n,AMJ,0.039793837097000885
EC-Earth3-CC,div1_QG,n,MJJ,0.022851461645570663
EC-Earth3-CC,div1_QG,n,JJA,-0.02527463036554653
EC-Earth3-CC,div1_QG,n,JAS,-0.07032844846144717
EC-Earth3-CC,div1_QG,n,ASO,-0.03627179897052921
EC-Earth3-CC,div1_QG,n,SON,0.05952378501603195
EC-Earth3-CC,div1_QG,n,OND,0.08556367955608134
EC-Earth3-CC,div1_QG,n,NDJ,0.06565839545507811
EC-Earth3-CC,div1_QG,s,DJF,0.0009798926806337657
EC-Earth3-CC,div1_QG,s,JFM,-0.007946415855215286
EC-Earth3-CC,div1_QG,s,FMA,-0.0065781574626576755
EC-Earth3-CC,div1_QG,s,MAM,-0.03331349044491608
EC-Earth3-CC,div1_QG,s,AMJ,-0.02896626614846408
EC-Earth3-CC,div1_QG,s,MJJ,-0.06517137683277723
EC-Earth3-CC,div1_QG,s,JJA,-0.04823484567800372
EC-Earth3-CC,div1_QG,s,JAS,-0.001164650549173727
EC-Earth3-CC,div1_QG,s,ASO,0.010333252813219215
EC-Earth3-CC,div1_QG,s,SON,0.036718198835189834
EC-Earth3-CC,div1_QG,s,OND,0.02319443632501924
EC-Earth3-CC,div1_QG,s,NDJ,0.017446426754099728
EC-Earth3-CC,div1_QG_123,n,DJF,0.02632897308735786
EC-Earth3-CC,div1_QG_123,n,JFM,0.02317150644173286
EC-Earth3-CC,div1_QG_123,n,FMA,0.025705525442555808
EC-Earth3-CC,div1_QG_123,n,MAM,0.015725644752968514
EC-Earth3-CC,div1_QG_123,n,AMJ,0.01972513320984461
EC-Earth3-CC,div1_QG_123,n,MJJ,0.010788395434684992
EC-Earth3-CC,div1_QG_123,n,JJA,-0.016765619428082034
EC-Earth3-CC,div1_QG_123,n,JAS,-0.07051577762885752
EC-Earth3-CC,div1_QG_123,n,ASO,-0.02894465792302744
EC-Earth3-CC,div1_QG_123,n,SON,0.028725483392964078
EC-Earth3-CC,div1_QG_123,n,OND,0.04105139166319307
EC-Earth3-CC,div1_QG_123,n,NDJ,0.0288375774023329
EC-Earth3-CC,div1_QG_123,s,DJF,-0.014075737704762383
EC-Earth3-CC,div1_QG_123,s,JFM,-0.03070179398160326
EC-Earth3-CC,div1_QG_123,s,FMA,-0.050508586623240564
EC-Earth3-CC,div1_QG_123,s,MAM,-0.07975924212785124
EC-Earth3-CC,div1_QG_123,s,AMJ,-0.07570954100593427
EC-Earth3-CC,div1_QG_123,s,MJJ,-0.12102398173510295
EC-Earth3-CC,div1_QG_123,s,JJA,-0.07227877010406522
EC-Earth3-CC,div1_QG_123,s,JAS,-0.03823882421368676
EC-Earth3-CC,div1_QG_123,s,ASO,-0.031714119718689114
EC-Earth3-CC,div1_QG_123,s,SON,-0.008662001791389953
EC-Earth3-CC,div1_QG_123,s,OND,-0.0033740021283112866
EC-Earth3-CC,div1_QG_123,s,NDJ,-0.005474410298350814
EC-Earth3-CC,div1_QG_gt3,n,DJF,0.030150544030792526
EC-Earth3-CC,div1_QG_gt3,n,JFM,0.028285940324783633
EC-Earth3-CC,div1_QG_gt3,n,FMA,0.023361016694161525
EC-Earth3-CC,div1_QG_gt3,n,MAM,0.025776109729129953
EC-Earth3-CC,div1_QG_gt3,n,AMJ,0.020068703887156286
EC-Earth3-CC,div1_QG_gt3,n,MJJ,0.012063066210885666
EC-Earth3-CC,div1_QG_gt3,n,JJA,-0.0085090109374645
EC-Earth3-CC,div1_QG_gt3,n,JAS,0.00018732916741035855
EC-Earth3-CC,div1_QG_gt3,n,ASO,-0.007327141047501839
EC-Earth3-CC,div1_QG_gt3,n,SON,0.030798301623067882
EC-Earth3-CC,div1_QG_gt3,n,OND,0.04451228789288826
EC-Earth3-CC,div1_QG_gt3,n,NDJ,0.03682081805274521
EC-Earth3-CC,div1_QG_gt3,s,DJF,0.01505563038539615
EC-Earth3-CC,div1_QG_gt3,s,JFM,0.022755378126387973
EC-Earth3-CC,div1_QG_gt3,s,FMA,0.04393042916058289
EC-Earth3-CC,div1_QG_gt3,s,MAM,0.046445751682935146
EC-Earth3-CC,div1_QG_gt3,s,AMJ,0.04674327485747017
EC-Earth3-CC,div1_QG_gt3,s,MJJ,0.05585260490232572
EC-Earth3-CC,div1_QG_gt3,s,JJA,0.0240439244260615
EC-Earth3-CC,div1_QG_gt3,s,JAS,0.037074173664513016
EC-Earth3-CC,div1_QG_gt3,s,ASO,0.04204737253190835
EC-Earth3-CC,div1_QG_gt3,s,SON,0.045380200626579784
EC-Earth3-CC,div1_QG_gt3,s,OND,0.02656843845333053
EC-Earth3-CC,div1_QG_gt3,s,NDJ,0.022920837052450547
FGOALS-f3-L,div1_QG,n,DJF,0.09222042591224501
FGOALS-f3-L,div1_QG,n,JFM,0.11838643418288357
FGOALS-f3-L,div1_QG,n,FMA,0.12049202881055333
FGOALS-f3-L,div1_QG,n,MAM,0.11854615905177723
FGOALS-f3-L,div1_QG,n,AMJ,0.11675596565099923
FGOALS-f3-L,div1_QG,n,MJJ,0.057089929416753955
FGOALS-f3-L,div1_QG,n,JJA,0.05864645421673506
FGOALS-f3-L,div1_QG,n,JAS,0.06235132121921938
FGOALS-f3-L,div1_QG,n,ASO,0.06716050883006759
FGOALS-f3-L,div1_QG,n,SON,0.09922146508533071
FGOALS-f3-L,div1_QG,n,OND,0.10277805246610196
FGOALS-f3-L,div1_QG,n,NDJ,0.16102768355026947
FGOALS-f3-L,div1_QG,s,DJF,0.03549890300726964
FGOALS-f3-L,div1_QG,s,JFM,0.037795555880523364
FGOALS-f3-L,div1_QG,s,FMA,0.041940523030978095
FGOALS-f3-L,div1_QG,s,MAM,0.039832710801728184
FGOALS-f3-L,div1_QG,s,AMJ,0.05524226251829869
FGOALS-f3-L,div1_QG,s,MJJ,0.06649377424859401
FGOALS-f3-L,div1_QG,s,JJA,0.08053117599730915
FGOALS-f3-L,div1_QG,s,JAS,0.05429686019989895
FGOALS-f3-L,div1_QG,s,ASO,0.060352539960251486
FGOALS-f3-L,div1_QG,s,SON,0.061960328903161124
FGOALS-f3-L,div1_QG,s,OND,0.06011182657463066
FGOALS-f3-L,div1_QG,s,NDJ,0.053523148701009195
FGOALS-f3-L,div1_QG_123,n,DJF,0.05581126374930938
FGOALS-f3-L,div1_QG_123,n,JFM,0.05294186458037134
FGOALS-f3-L,div1_QG_123,n,FMA,0.02996398293196453
FGOALS-f3-L,div1_QG_123,n,MAM,0.00708115693649531
FGOALS-f3-L,div1_QG_123,n,AMJ,-0.027209546351851858
FGOALS-f3-L,div1_QG_123,n,MJJ,-0.06534847898627931
FGOALS-f3-L,div1_QG_123,n,JJA,-0.034589179594862345
FGOALS-f3-L,div1_QG_123,n,JAS,-0.006524893343064985
FGOALS-f3-L,div1_QG_123,n,ASO,0.002047612066346899
FGOALS-f3-L,div1_QG_123,n,SON,-0.0036842729768985657
FGOALS-f3-L,div1_QG_123,n,OND,-0.001149950676755963
FGOALS-f3-L,div1_QG_123,n,NDJ,0.049546092590149915
FGOALS-f3-L,div1_QG_123,s,DJF,-0.010840479422618413
FGOALS-f3-L,div1_QG_123,s,JFM,-0.0166408224992332
FGOALS-f3-L,div1_QG_123,s,FMA,-0.027675522756345435
FGOALS-f3-L,div1_QG_123,s,MAM,-0.03569932877204605
FGOALS-f3-L,div1_QG_123,s,AMJ,-0.031247779278064006
FGOALS-f3-L,div1_QG_123,s,MJJ,-0.03009215937830885
FGOALS-f3-L,div1_QG_123,s,JJA,-0.033193084624976985
FGOALS-f3-L,div1_QG_123,s,JAS,-0.05143330372245429
FGOALS-f3-L,div1_QG_123,s,ASO,-0.034055082069228325
FGOALS-f3-L,div1_QG_123,s,SON,-0.01603229889389171
FGOALS-f3-L,div1_QG_123,s,OND,-0.004334508404620558
FGOALS-f3-L,div1_QG_123,s,NDJ,0.002145184730573589
FGOALS-f3-L,div1_QG_gt3,n,DJF,0.03640916216293564
FGOALS-f3-L,div1_QG_gt3,n,JFM,0.06544456960251223
FGOALS-f3-L,div1_QG_gt3,n,FMA,0.09052804587858881
FGOALS-f3-L,div1_QG_gt3,n,MAM,0.11146500211528193
FGOALS-f3-L,div1_QG_gt3,n,AMJ,0.14396551200285104
FGOALS-f3-L,div1_QG_gt3,n,MJJ,0.12243840840303326
FGOALS-f3-L,div1_QG_gt3,n,JJA,0.09323563381159738
FGOALS-f3-L,div1_QG_gt3,n,JAS,0.06887621456228435
FGOALS-f3-L,div1_QG_gt3,n,ASO,0.06511289676372069
FGOALS-f3-L,div1_QG_gt3,n,SON,0.1029057380622292
FGOALS-f3-L,div1_QG_gt3,n,OND,0.10392800314285794
FGOALS-f3-L,div1_QG_gt3,n,NDJ,0.11148159096011963
FGOALS-f3-L,div1_QG_gt3,s,DJF,0.04633938242988806
FGOALS-f3-L,div1_QG_gt3,s,JFM,0.05443637837975655
FGOALS-f3-L,div1_QG_gt3,s,FMA,0.06961604578732354
FGOALS-f3-L,div1_QG_gt3,s,MAM,0.07553203957377423
FGOALS-f3-L,div1_QG_gt3,s,AMJ,0.08649004179636267
FGOALS-f3-L,div1_QG_gt3,s,MJJ,0.09658593362690289
FGOALS-f3-L,div1_QG_gt3,s,JJA,0.11372426062228613
FGOALS-f3-L,div1_QG_gt3,s,JAS,0.1057301639223532
FGOALS-f3-L,div1_QG_gt3,s,ASO,0.09440762202947983
FGOALS-f3-L,div1_QG_gt3,s,SON,0.07799262779705284
FGOALS-f3-L,div1_QG_gt3,s,OND,0.06444633497925123
FGOALS-f3-L,div1_QG_gt3,s,NDJ,0.05137796397043561
GFDL-CM4,div1_QG,n,DJF,0.007136183307829606
GFDL-CM4,div1_QG,n,JFM,-0.006816221184117351
GFDL-CM4,div1_QG,n,FMA,-0.027128822994135424
GFDL-CM4,div1_QG,n,MAM,-0.08030509068604785
GFDL-CM4,div1_QG,n,AMJ,0.21482678879115827
GFDL-CM4,div1_QG,n,MJJ,0.21386317411479794
GFDL-CM4,div1_QG,n,JJA,0.19287653352740175
GFDL-CM4,div1_QG,n,JAS,-0.11526953047076426
GFDL-CM4,div1_QG,n,ASO,-0.07434698226170557
GFDL-CM4,div1_QG,n,SON,-0.15551465035952297
GFDL-CM4,div1_QG,n,OND,-0.14375834829078407
GFDL-CM4,div1_QG,n,NDJ,-0.027143530244723876
GFDL-CM4,div1_QG,s,DJF,0.03221951072412137
GFDL-CM4,div1_QG,s,JFM,0.033870048060035504
GFDL-CM4,div1_QG,s,FMA,0.035459803893284125
GFDL-CM4,div1_QG,s,MAM,0.015840098149478725
GFDL-CM4,div1_QG,s,AMJ,-0.05228616758218102
GFDL-CM4,div1_QG,s,MJJ,-0.017799227057348915
GFDL-CM4,div1_QG,s,JJA,0.054891751172135676
GFDL-CM4,div1_QG,s,JAS,0.038986208378216376
GFDL-CM4,div1_QG,s,ASO,0.022649746130782862
GFDL-CM4,div1_QG,s,SON,0.056277744131368074
GFDL-CM4,div1_QG,s,OND,0.0692638400884517
GFDL-CM4,div1_QG,s,NDJ,0.04847039842989907
GFDL-CM4,div1_QG_123,n,DJF,0.004782821240557617
GFDL-CM4,div1_QG_123,n,JFM,-0.02510625522272408
GFDL-CM4,div1_QG_123,n,FMA,-0.04790879719656224
GFDL-CM4,div1_QG_123,n,MAM,-0.039334732378595534
GFDL-CM4,div1_QG_123,n,AMJ,0.009269757454299084
GFDL-CM4,div1_QG_123,n,MJJ,0.05131281889991202
GFDL-CM4,div1_QG_123,n,JJA,0.03539489851548367
GFDL-CM4,div1_QG_123,n,JAS,-0.09144945359780812
GFDL-CM4,div1_QG_123,n,ASO,-0.007142439776520644
GFDL-CM4,div1_QG_123,n,SON,0.008616794597695744
GFDL-CM4,div1_QG_123,n,OND,0.010665675494304206
GFDL-CM4,div1_QG_123,n,NDJ,0.02492335457190057
GFDL-CM4,div1_QG_123,s,DJF,-0.01443764129846075
GFDL-CM4,div1_QG_123,s,JFM,-0.010420905478481079
GFDL-CM4,div1_QG_123,s,FMA,-0.047661709572268535
GFDL-CM4,div1_QG_123,s,MAM,-0.09725187948546764
GFDL-CM4,div1_QG_123,s,AMJ,-0.13626325661669433
GFDL-CM4,div1_QG_123,s,MJJ,-0.07182991817704573
GFDL-CM4,div1_QG_123,s,JJA,-0.014150147062140779
GFDL-CM4,div1_QG_123,s,JAS,-0.08498282305532515
GFDL-CM4,div1_QG_123,s,ASO,-0.15848441827190451
GFDL-CM4,div1_QG_123,s,SON,-0.07953115378681984
GFDL-CM4,div1_QG_123,s,OND,-0.054445943864444166
GFDL-CM4,div1_QG_123,s,NDJ,-0.033641811986198956
GFDL-CM4,div1_QG_gt3,n,DJF,0.0023533620672719965
GFDL-CM4,div1_QG_gt3,n,JFM,0.018290034038606746
GFDL-CM4,div1_QG_gt3,n,FMA,0.020779974202426804
GFDL-CM4,div1_QG_gt3,n,MAM,-0.04097035830745232
GFDL-CM4,div1_QG_gt3,n,AMJ,0.2059044039783324
GFDL-CM4,div1_QG_gt3,n,MJJ,0.16253208477813563
GFDL-CM4,div1_QG_gt3,n,JJA,0.1574816350119181
GFDL-CM4,div1_QG_gt3,n,JAS,-0.023820076872956127
GFDL-CM4,div1_QG_gt3,n,ASO,-0.06720454248518493
GFDL-CM4,div1_QG_gt3,n,SON,-0.16413144495721868
GFDL-CM4,div1_QG_gt3,n,OND,-0.1544240237850882
GFDL-CM4,div1_QG_gt3,n,NDJ,-0.05206688481662444
GFDL-CM4,div1_QG_gt3,s,DJF,0.04665383507439509
GFDL-CM4,div1_QG_gt3,s,JFM,0.04428635455413084
GFDL-CM4,div1_QG_gt3,s,FMA,0.08312151346555267
GFDL-CM4,div1_QG_gt3,s,MAM,0.11309197763494638
GFDL-CM4,div1_QG_gt3,s,AMJ,0.08397708903451333
GFDL-CM4,div1_QG_gt3,s,MJJ,0.054030691119696855
GFDL-CM4,div1_QG_gt3,s,JJA,0.06904189823427648
GFDL-CM4,div1_QG_gt3,s,JAS,0.12396903143354152
GFDL-CM4,div1_QG_gt3,s,ASO,0.18113416440268737
GFDL-CM4,div1_QG_gt3,s,SON,0.1358088979181879
GFDL-CM4,div1_QG_gt3,s,OND,0.12370978395289589
GFDL-CM4,div1_QG_gt3,s,NDJ,0.08211221041609804
GFDL-ESM4,div1_QG,n,DJF,-0.028267553944665375
GFDL-ESM4,div1_QG,n,JFM,-0.013290463711065393
GFDL-ESM4,div1_QG,n,FMA,-0.03476880016797546
GFDL-ESM4,div1_QG,n,MAM,-0.06292594694899813
GFDL-ESM4,div1_QG,n,AMJ,-0.10427075661246661
GFDL-ESM4,div1_QG,n,MJJ,0.322685943111346
GFDL-ESM4,div1_QG,n,JJA,-0.10458990548571209
GFDL-ESM4,div1_QG,n,JAS,0.09196629709547768
GFDL-ESM4,div1_QG,n,ASO,-0.02143330726662884
GFDL-ESM4,div1_QG,n,SON,-0.042975591883511445
GFDL-ESM4,div1_QG,n,OND,-0.04134757681436433
GFDL-ESM4,div1_QG,n,NDJ,-0.007250026410243141
GFDL-ESM4,div1_QG,s,DJF,0.03246728192070152
GFDL-ESM4,div1_QG,s,JFM,0.009114842836725378
GFDL-ESM4,div1_QG,s,FMA,-0.007454474217991969
GFDL-ESM4,div1_QG,s,MAM,0.0477712194277693
GFDL-ESM4,div1_QG,s,AMJ,0.06636111299629682
GFDL-ESM4,div1_QG,s,MJJ,0.00284245980828131
GFDL-ESM4,div1_QG,s,JJA,-0.03469569717000144
GFDL-ESM4,div1_QG,s,JAS,0.0587983185894715
GFDL-ESM4,div1_QG,s,ASO,0.07905852080778389
GFDL-ESM4,div1_QG,s,SON,0.09628384074650098
GFDL-ESM4,div1_QG,s,OND,0.0841783158695119
GFDL-ESM4,div1_QG,s,NDJ,0.06467385935074185
GFDL-ESM4,div1_QG_123,n,DJF,-0.033119207282125564
GFDL-ESM4,div1_QG_123,n,JFM,-0.014198587760957523
GFDL-ESM4,div1_QG_123,n,FMA,-0.017048261494046167
GFDL-ESM4,div1_QG_123,n,MAM,-0.02930923558916978
GFDL-ESM4,div1_QG_123,n,AMJ,-0.037245133837043656
GFDL-ESM4,div1_QG_123,n,MJJ,-1.273746394483531
GFDL-ESM4,div1_QG_123,n,JJA,-0.7257737408542022
GFDL-ESM4,div1_QG_123,n,JAS,-0.4226273647570852
GFDL-ESM4,div1_QG_123,n,ASO,0.011755625083741074
GFDL-ESM4,div1_QG_123,n,SON,-0.043726194516275296
GFDL-ESM4,div1_QG_123,n,OND,-0.04365325857286554
GFDL-ESM4,div1_QG_123,n,NDJ,-0.03397593919399798
GFDL-ESM4,div1_QG_123,s,DJF,-0.04821169500582713
GFDL-ESM4,div1_QG_123,s,JFM,-0.06400954767530251
GFDL-ESM4,div1_QG_123,s,FMA,-0.07448101147943087
GFDL-ESM4,div1_QG_123,s,MAM,-0.02417496121089271
GFDL-ESM4,div1_QG_123,s,AMJ,-0.027020088402941574
GFDL-ESM4,div1_QG_123,s,MJJ,-0.06999400459877218
GFDL-ESM4,div1_QG_123,s,JJA,-0.06932601396443201
GFDL-ESM4,div1_QG_123,s,JAS,-0.09378763780050414
GFDL-ESM4,div1_QG_123,s,ASO,-0.060796566843103604
GFDL-ESM4,div1_QG_123,s,SON,-0.030920364691545837
GFDL-ESM4,div1_QG_123,s,OND,-0.008204199333061438
GFDL-ESM4,div1_QG_123,s,NDJ,-0.021748259506830212
GFDL-ESM4,div1_QG_gt3,n,DJF,0.004851653337460189
GFDL-ESM4,div1_QG_gt3,n,JFM,0.0009081240498921343
GFDL-ESM4,div1_QG_gt3,n,FMA,-0.017720538673929285
GFDL-ESM4,div1_QG_gt3,n,MAM,-0.03361671135982832
GFDL-ESM4,div1_QG_gt3,n,AMJ,-0.06703123476958128
GFDL-ESM4,div1_QG_gt3,n,MJJ,1.5964323375948766
GFDL-ESM4,div1_QG_gt3,n,JJA,0.6211838353684904
GFDL-ESM4,div1_QG_gt3,n,JAS,0.5156121370543496
GFDL-ESM4,div1_QG_gt3,n,ASO,-0.033188932350369904
GFDL-ESM4,div1_QG_gt3,n,SON,0.0007506026327638634
GFDL-ESM4,div1_QG_gt3,n,OND,0.0023056817585012154
GFDL-ESM4,div1_QG_gt3,n,NDJ,0.026725912783754836
GFDL-ESM4,div1_QG_gt3,s,DJF,0.08068991662088712
GFDL-ESM4,div1_QG_gt3,s,JFM,0.07312121821695793
GFDL-ESM4,div1_QG_gt3,s,FMA,0.06698789639077406
GFDL-ESM4,div1_QG_gt3,s,MAM,0.071946180638662
GFDL-ESM4,div1_QG_gt3,s,AMJ,0.09338120139923842
GFDL-ESM4,div1_QG_gt3,s,MJJ,0.07283646440705346
GFDL-ESM4,div1_QG_gt3,s,JJA,0.03463031679443056
GFDL-ESM4,div1_QG_gt3,s,JAS,0.15258595638997563
GFDL-ESM4,div1_QG_gt3,s,ASO,0.1398550876508875
GFDL-ESM4,div1_QG_gt3,s,SON,0.12718872473152723
GFDL-ESM4,div1_QG_gt3,s,OND,0.09239142231493293
GFDL-ESM4,div1_QG_gt3,s,NDJ,0.08644037770724979
GISS-E2-1-G,div1_QG,n,DJF,0.012999540031848566
GISS-E2-1-G,div1_QG,n,JFM,0.03431506006277859
GISS-E2-1-G,div1_QG,n,FMA,0.1220396740572475
GISS-E2-1-G,div1_QG,n,MAM,0.1234961913290934
GISS-E2-1-G,div1_QG,n,AMJ,0.16124756048208855
GISS-E2-1-G,div1_QG,n,MJJ,0.08976416165382269
GISS-E2-1-G,div1_QG,n,JJA,-0.016148262933482774
GISS-E2-1-G,div1_QG,n,JAS,-0.06424692769092004
GISS-E2-1-G,div1_QG,n,ASO,0.07163448820317878
GISS-E2-1-G,div1_QG,n,SON,0.16174012616090924
GISS-E2-1-G,div1_QG,n,OND,0.12746692930917985
GISS-E2-1-G,div1_QG,n,NDJ,0.07348118329126559
GISS-E2-1-G,div1_QG,s,DJF,0.06925506164047053
GISS-E2-1-G,div1_QG,s,JFM,0.06694443221259748
GISS-E2-1-G,div1_QG,s,FMA,0.02136584409731894
GISS-E2-1-G,div1_QG,s,MAM,0.0435584067277562
GISS-E2-1-G,div1_QG,s,AMJ,0.009630000440810247
GISS-E2-1-G,div1_QG,s,MJJ,0.07458480555249974
GISS-E2-1-G,div1_QG,s,JJA,0.08731232032170504
GISS-E2-1-G,div1_QG,s,JAS,0.09428852683277454
GISS-E2-1-G,div1_QG,s,ASO,0.07045352964916723
GISS-E2-1-G,div1_QG,s,SON,0.08331879694070746
GISS-E2-1-G,div1_QG,s,OND,0.07592182303596993
GISS-E2-1-G,div1_QG,s,NDJ,0.07551894940648951
GISS-E2-1-G,div1_QG_123,n,DJF,-0.015191948358107794
GISS-E2-1-G,div1_QG_123,n,JFM,-0.0562990196724074
GISS-E2-1-G,div1_QG_123,n,FMA,-0.009441945373952425
GISS-E2-1-G,div1_QG_123,n,MAM,-0.008936970055722214
GISS-E2-1-G,div1_QG_123,n,AMJ,-0.0071015340902568095
GISS-E2-1-G,div1_QG_123,n,MJJ,0.014685718583279456
GISS-E2-1-G,div1_QG_123,n,JJA,-0.09680508363694199
GISS-E2-1-G,div1_QG_123,n,JAS,-0.10695001219741877
GISS-E2-1-G,div1_QG_123,n,ASO,-0.0705008431089998
GISS-E2-1-G,div1_QG_123,n,SON,-0.0430114767205491
GISS-E2-1-G,div1_QG_123,n,OND,-0.07058230693556623
GISS-E2-1-G,div1_QG_123,n,NDJ,-0.04353687393638287
GISS-E2-1-G,div1_QG_123,s,DJF,-0.008864548418550345
GISS-E2-1-G,div1_QG_123,s,JFM,-0.006549012063743998
GISS-E2-1-G,div1_QG_123,s,FMA,-0.020295926923945953
GISS-E2-1-G,div1_QG_123,s,MAM,-0.024659828978885336
GISS-E2-1-G,div1_QG_123,s,AMJ,-0.045860490097816
GISS-E2-1-G,div1_QG_123,s,MJJ,-0.022695660156337328
GISS-E2-1-G,div1_QG_123,s,JJA,-0.005663086568215596
GISS-E2-1-G,div1_QG_123,s,JAS,0.010387689356786897
GISS-E2-1-G,div1_QG_123,s,ASO,0.014499052391313551
GISS-E2-1-G,div1_QG_123,s,SON,0.01524572720183939
GISS-E2-1-G,div1_QG_123,s,OND,0.003285642969259703
GISS-E2-1-G,div1_QG_123,s,NDJ,-0.005339421071239119
GISS-E2-1-G,div1_QG_gt3,n,DJF,0.028297584892783813
GISS-E2-1-G,div1_QG_gt3,n,JFM,0.09066005724759568
GISS-E2-1-G,div1_QG_gt3,n,FMA,0.1315495171199468
GISS-E2-1-G,div1_QG_gt3,n,MAM,0.13244251323143114
GISS-E2-1-G,div1_QG_gt3,n,AMJ,0.16826052420417653
GISS-E2-1-G,div1_QG_gt3,n,MJJ,0.07501237940772572
GISS-E2-1-G,div1_QG_gt3,n,JJA,0.0807141077075426
GISS-E2-1-G,div1_QG_gt3,n,JAS,0.04249253658479526
GISS-E2-1-G,div1_QG_gt3,n,ASO,0.1418207820460236
GISS-E2-1-G,div1_QG_gt3,n,SON,0.20457143915933731
GISS-E2-1-G,div1_QG_gt3,n,OND,0.19809633512765729
GISS-E2-1-G,div1_QG_gt3,n,NDJ,0.117133035327184
GISS-E2-1-G,div1_QG_gt3,s,DJF,0.07806493899352396
GISS-E2-1-G,div1_QG_gt3,s,JFM,0.07349996101094136
GISS-E2-1-G,div1_QG_gt3,s,FMA,0.04162663852851681
GISS-E2-1-G,div1_QG_gt3,s,MAM,0.06821657450187928
GISS-E2-1-G,div1_QG_gt3,s,AMJ,0.05560664859831339
GISS-E2-1-G,div1_QG_gt3,s,MJJ,0.09740332201264257
GISS-E2-1-G,div1_QG_gt3,s,JJA,0.09303832214738297
GISS-E2-1-G,div1_QG_gt3,s,JAS,0.08392392653524723
GISS-E2-1-G,div1_QG_gt3,s,ASO,0.055873832048057265
GISS-E2-1-G,div1_QG_gt3,s,SON,0.06798383112849764
GISS-E2-1-G,div1_QG_gt3,s,OND,0.07257160553395237
GISS-E2-1-G,div1_QG_gt3,s,NDJ,0.08082593947161616
HadGEM3-GC31-LL,div1_QG,n,DJF,-0.013887803403902598
HadGEM3-GC31-LL,div1_QG,n,JFM,-0.0034579829862286327
HadGEM3-GC31-LL,div1_QG,n,FMA,-0.008709652693485222
HadGEM3-GC31-LL,div1_QG,n,MAM,-0.024489134139080798
HadGEM3-GC31-LL,div1_QG,n,AMJ,-0.10376841094415383
HadGEM3-GC31-LL,div1_QG,n,MJJ,-0.2561639562479107
HadGEM3-GC31-LL,div1_QG,n,JJA,-0.3292369163326898
HadGEM3-GC31-LL,div1_QG,n,JAS,-0.2481905246695312
HadGEM3-GC31-LL,div1_QG,n,ASO,-0.06940577136517502
HadGEM3-GC31-LL,div1_QG,n,SON,-0.06525976244044487
HadGEM3-GC31-LL,div1_QG,n,OND,-0.05186002677480027
HadGEM3-GC31-LL,div1_QG,n,NDJ,-0.01106526358991994
HadGEM3-GC31-LL,div1_QG,s,DJF,0.06429542926263782
HadGEM3-GC31-LL,div1_QG,s,JFM,0.03890402662045121
HadGEM3-GC31-LL,div1_QG,s,FMA,0.02103229240624117
HadGEM3-GC31-LL,div1_QG,s,MAM,0.020483909961014343
HadGEM3-GC31-LL,div1_QG,s,AMJ,0.04920739999409848
HadGEM3-GC31-LL,div1_QG,s,MJJ,0.06373052140559626
HadGEM3-GC31-LL,div1_QG,s,JJA,0.06068576087111191
HadGEM3-GC31-LL,div1_QG,s,JAS,0.03965244608721002
HadGEM3-GC31-LL,div1_QG,s,ASO,0.11308761523147888
HadGEM3-GC31-LL,div1_QG,s,SON,0.13302792912496864
HadGEM3-GC31-LL,div1_QG,s,OND,0.11585751381444948
HadGEM3-GC31-LL,div1_QG,s,NDJ,0.08839177624134625
HadGEM3-GC31-LL,div1_QG_123,n,DJF,-0.021564878269663808
HadGEM3-GC31-LL,div1_QG_123,n,JFM,-0.02038542288718278
HadGEM3-GC31-LL,div1_QG_123,n,FMA,-0.010754493038619094
HadGEM3-GC31-LL,div1_QG_123,n,MAM,-0.02283323468076165
HadGEM3-GC31-LL,div1_QG_123,n,AMJ,-0.05733264634989747
HadGEM3-GC31-LL,div1_QG_123,n,MJJ,-0.15157394170899322
HadGEM3-GC31-LL,div1_QG_123,n,JJA,-0.23444277659169474
HadGEM3-GC31-LL,div1_QG_123,n,JAS,-0.2077475653828721
HadGEM3-GC31-LL,div1_QG_123,n,ASO,-0.04923460098243711
HadGEM3-GC31-LL,div1_QG_123,n,SON,-0.043046131145123234
HadGEM3-GC31-LL,div1_QG_123,n,OND,-0.017767774116347414
HadGEM3-GC31-LL,div1_QG_123,n,NDJ,-0.00713418070360786
HadGEM3-GC31-LL,div1_QG_123,s,DJF,-0.01737979614401386
HadGEM3-GC31-LL,div1_QG_123,s,JFM,-0.027774880881227575
HadGEM3-GC31-LL,div1_QG_123,s,FMA,-0.051625077217314984
HadGEM3-GC31-LL,div1_QG_123,s,MAM,-0.05787921316292923
HadGEM3-GC31-LL,div1_QG_123,s,AMJ,-0.03993804949041192
HadGEM3-GC31-LL,div1_QG_123,s,MJJ,-0.01978140938023757
HadGEM3-GC31-LL,div1_QG_123,s,JJA,-0.007361379905143563
HadGEM3-GC31-LL,div1_QG_123,s,JAS,-0.004529581800637112
HadGEM3-GC31-LL,div1_QG_123,s,ASO,-0.02462795702688593
HadGEM3-GC31-LL,div1_QG_123,s,SON,-0.01227022753477494
HadGEM3-GC31-LL,div1_QG_123,s,OND,-0.01771940529663577
HadGEM3-GC31-LL,div1_QG_123,s,NDJ,-0.018528480554977356
HadGEM3-GC31-LL,div1_QG_gt3,n,DJF,0.007771945112076089
HadGEM3-GC31-LL,div1_QG_gt3,n,JFM,0.01711433163643335
HadGEM3-GC31-LL,div1_QG_gt3,n,FMA,0.0021817917274659657
HadGEM3-GC31-LL,div1_QG_gt3,n,MAM,-0.0017345994725139018
HadGEM3-GC31-LL,div1_QG_gt3,n,AMJ,-0.046580577086228606
HadGEM3-GC31-LL,div1_QG_gt3,n,MJJ,-0.10463107625258965
HadGEM3-GC31-LL,div1_QG_gt3,n,JJA,-0.09501356414770973
HadGEM3-GC31-LL,div1_QG_gt3,n,JAS,-0.04045032364501963
HadGEM3-GC31-LL,div1_QG_gt3,n,ASO,-0.02015181058508022
HadGEM3-GC31-LL,div1_QG_gt3,n,SON,-0.02215397936432076
HadGEM3-GC31-LL,div1_QG_gt3,n,OND,-0.0340289773724858
HadGEM3-GC31-LL,div1_QG_gt3,n,NDJ,-0.0039018842803201347
HadGEM3-GC31-LL,div1_QG_gt3,s,DJF,0.08167901235594427
HadGEM3-GC31-LL,div1_QG_gt3,s,JFM,0.066681231094949
HadGEM3-GC31-LL,div1_QG_gt3,s,FMA,0.07265795819774266
HadGEM3-GC31-LL,div1_QG_gt3,s,MAM,0.078387943683703
HadGEM3-GC31-LL,div1_QG_gt3,s,AMJ,0.08918314867016713
HadGEM3-GC31-LL,div1_QG_gt3,s,MJJ,0.08351193078583383
HadGEM3-GC31-LL,div1_QG_gt3,s,JJA,0.06804714077625544
HadGEM3-GC31-LL,div1_QG_gt3,s,JAS,0.044182027887847135
HadGEM3-GC31-LL,div1_QG_gt3,s,ASO,0.13771446119946165
HadGEM3-GC31-LL,div1_QG_gt3,s,SON,0.14529719063234223
HadGEM3-GC31-LL,div1_QG_gt3,s,OND,0.1335766167623271
HadGEM3-GC31-LL,div1_QG_gt3,s,NDJ,0.10692321622339956
KIOST-ESM,div1_QG,n,DJF,0.1041476284488392
KIOST-ESM,div1_QG,n,JFM,0.109542464533747
KIOST-ESM,div1_QG,n,FMA,0.11039652229742052
KIOST-ESM,div1_QG,n,MAM,0.09032187755209892
KIOST-ESM,div1_QG,n,AMJ,0.0706252326108366
KIOST-ESM,div1_QG,n,MJJ,-0.001667006266867319
KIOST-ESM,div1_QG,n,JJA,0.03402444116658737
KIOST-ESM,div1_QG,n,JAS,0.12004344600812947
KIOST-ESM,div1_QG,n,ASO,0.1517278644051412
KIOST-ESM,div1_QG,n,SON,0.1901775024813315
KIOST-ESM,div1_QG,n,OND,0.1255068689448803
KIOST-ESM,div1_QG,n,NDJ,0.08603636027139773
KIOST-ESM,div1_QG,s,DJF,0.07465448087117844
KIOST-ESM,div1_QG,s,JFM,0.0633226761022142
KIOST-ESM,div1_QG,s,FMA,0.06914485696052595
KIOST-ESM,div1_QG,s,MAM,0.05892259351267709
KIOST-ESM,div1_QG,s,AMJ,0.05160980493332905
KIOST-ESM,div1_QG,s,MJJ,0.07502075769995921
KIOST-ESM,div1_QG,s,JJA,0.08837880174402071
KIOST-ESM,div1_QG,s,JAS,0.10653165926272685
KIOST-ESM,div1_QG,s,ASO,0.10360758912374836
KIOST-ESM,div1_QG,s,SON,0.09859619294010262
KIOST-ESM,div1_QG,s,OND,0.08969994372942448
KIOST-ESM,div1_QG,s,NDJ,0.07971180257080387
KIOST-ESM,div1_QG_123,n,DJF,0.038667622361656794
KIOST-ESM,div1_QG_123,n,JFM,0.046942846406017036
KIOST-ESM,div1_QG_123,n,FMA,0.0306792195597489
KIOST-ESM,div1_QG_123,n,MAM,0.012860630596640143
KIOST-ESM,div1_QG_123,n,AMJ,-0.004247810837013924
KIOST-ESM,div1_QG_123,n,MJJ,-0.04689468518994641
KIOST-ESM,div1_QG_123,n,JJA,-0.04006985248735982
KIOST-ESM,div1_QG_123,n,JAS,-0.004878858497952942
KIOST-ESM,div1_QG_123,n,ASO,-0.004564087778887774
KIOST-ESM,div1_QG_123,n,SON,0.002442747286699133
KIOST-ESM,div1_QG_123,n,OND,0.02924430354605764
KIOST-ESM,div1_QG_123,n,NDJ,0.035777393156619854
KIOST-ESM,div1_QG_123,s,DJF,-0.015186952887870338
KIOST-ESM,div1_QG_123,s,JFM,-0.0211026631723819
KIOST-ESM,div1_QG_123,s,FMA,0.0026286202421265436
KIOST-ESM,div1_QG_123,s,MAM,0.018647746199726912
KIOST-ESM,div1_QG_123,s,AMJ,-0.009405248807662754
KIOST-ESM,div1_QG_123,s,MJJ,-0.020659321672743154
KIOST-ESM,div1_QG_123,s,JJA,-0.02697162023586011
KIOST-ESM,div1_QG_123,s,JAS,-0.03942011981447233
KIOST-ESM,div1_QG_123,s,ASO,-0.030698640180472015
KIOST-ESM,div1_QG_123,s,SON,-0.0063946674500902955
KIOST-ESM,div1_QG_123,s,OND,0.0031018902712927525
KIOST-ESM,div1_QG_123,s,NDJ,-0.0029886994162730404
KIOST-ESM,div1_QG_gt3,n,DJF,0.06548000608718237
KIOST-ESM,div1_QG_gt3,n,JFM,0.06259961812772995
KIOST-ESM,div1_QG_gt3,n,FMA,0.07971730273767161
KIOST-ESM,div1_QG_gt3,n,MAM,0.07746124695545877
KIOST-ESM,div1_QG_gt3,n,AMJ,0.07487304344785052
KIOST-ESM,div1_QG_gt3,n,MJJ,0.0452276789230791
KIOST-ESM,div1_QG_gt3,n,JJA,0.07409429365394718
KIOST-ESM,div1_QG_gt3,n,JAS,0.12492230450608247
KIOST-ESM,div1_QG_gt3,n,ASO,0.15629195218402897
KIOST-ESM,div1_QG_gt3,n,SON,0.18773475519463237
KIOST-ESM,div1_QG_gt3,n,OND,0.09626256539882265
KIOST-ESM,div1_QG_gt3,n,NDJ,0.05025896711477791
KIOST-ESM,div1_QG_gt3,s,DJF,0.0898414337590488
KIOST-ESM,div1_QG_gt3,s,JFM,0.0844253392745961
KIOST-ESM,div1_QG_gt3,s,FMA,0.06651623671839942
KIOST-ESM,div1_QG_gt3,s,MAM,0.040274847312950154
KIOST-ESM,div1_QG_gt3,s,AMJ,0.061015053740991795
KIOST-ESM,div1_QG_gt3,s,MJJ,0.09568007937270237
KIOST-ESM,div1_QG_gt3,s,JJA,0.11535042197988082
KIOST-ESM,div1_QG_gt3,s,JAS,0.14595177907719917
KIOST-ESM,div1_QG_gt3,s,ASO,0.13430622930422037
KIOST-ESM,div1_QG_gt3,s,SON,0.10499086039019288
KIOST-ESM,div1_QG_gt3,s,OND,0.08659805345813172
KIOST-ESM,div1_QG_gt3,s,NDJ,0.0827005019870769
MIROC-ES2L,div1_QG,n,DJF,0.0003873571422849053
MIROC-ES2L,div1_QG,n,JFM,0.2913516874499218
MIROC-ES2L,div1_QG,n,FMA,0.11265196801553468
MIROC-ES2L,div1_QG,n,MAM,0.08135139640951909
MIROC-ES2L,div1_QG,n,AMJ,0.04055797537750309
MIROC-ES2L,div1_QG,n,MJJ,0.08027213776985477
MIROC-ES2L,div1_QG,n,JJA,0.06892308630413603
MIROC-ES2L,div1_QG,n,JAS,0.11492392354838682
MIROC-ES2L,div1_QG,n,ASO,0.11830321037015247
MIROC-ES2L,div1_QG,n,SON,-1.00777912385391
MIROC-ES2L,div1_QG,n,OND,-0.003894541609399397
MIROC-ES2L,div1_QG,n,NDJ,0.00845787298580681
MIROC-ES2L,div1_QG,s,DJF,0.08404292607138922
MIROC-ES2L,div1_QG,s,JFM,0.06922544242797289
MIROC-ES2L,div1_QG,s,FMA,0.06842601056029379
MIROC-ES2L,div1_QG,s,MAM,0.06252166725525365
MIROC-ES2L,div1_QG,s,AMJ,0.07526195935715649
MIROC-ES2L,div1_QG,s,MJJ,0.10270193074478279
MIROC-ES2L,div1_QG,s,JJA,0.1252948104078318
MIROC-ES2L,div1_QG,s,JAS,0.09679441976043586
MIROC-ES2L,div1_QG,s,ASO,0.10642072180663792
MIROC-ES2L,div1_QG,s,SON,0.10366949016836205
MIROC-ES2L,div1_QG,s,OND,0.10099530352910269
MIROC-ES2L,div1_QG,s,NDJ,0.0945464307682781
MIROC-ES2L,div1_QG_123,n,DJF,0.03291461746982336
MIROC-ES2L,div1_QG_123,n,JFM,0.1602981218043629
MIROC-ES2L,div1_QG_123,n,FMA,0.04230022301700641
MIROC-ES2L,div1_QG_123,n,MAM,0.011739723113452378
MIROC-ES2L,div1_QG_123,n,AMJ,0.03006800714532968
MIROC-ES2L,div1_QG_123,n,MJJ,0.016520481897242367
MIROC-ES2L,div1_QG_123,n,JJA,-0.04947640296435089
MIROC-ES2L,div1_QG_123,n,JAS,-0.04543444466102866
MIROC-ES2L,div1_QG_123,n,ASO,0.01707966633822706
MIROC-ES2L,div1_QG_123,n,SON,-0.6572406718250136
MIROC-ES2L,div1_QG_123,n,OND,-0.015311806954349172
MIROC-ES2L,div1_QG_123,n,NDJ,0.03153115295543441
MIROC-ES2L,div1_QG_123,s,DJF,0.007833564145236442
MIROC-ES2L,div1_QG_123,s,JFM,-0.004416077929072411
MIROC-ES2L,div1_QG_123,s,FMA,-0.010236441195184904
MIROC-ES2L,div1_QG_123,s,MAM,-0.015664819941012993
MIROC-ES2L,div1_QG_123,s,AMJ,-0.02068325876735178
MIROC-ES2L,div1_QG_123,s,MJJ,-0.014593691526545586
MIROC-ES2L,div1_QG_123,s,JJA,-0.002122538025434333
MIROC-ES2L,div1_QG_123,s,JAS,-0.006718848965711315
MIROC-ES2L,div1_QG_123,s,ASO,0.00012653818978037776
MIROC-ES2L,div1_QG_123,s,SON,-0.012201697157820086
MIROC-ES2L,div1_QG_123,s,OND,-0.0014759060397935677
MIROC-ES2L,div1_QG_123,s,NDJ,0.000770256414389689
MIROC-ES2L,div1_QG_gt3,n,DJF,-0.03253073412021239
MIROC-ES2L,div1_QG_gt3,n,JFM,0.13080351505773433
MIROC-ES2L,div1_QG_gt3,n,FMA,0.07011822794586903
MIROC-ES2L,div1_QG_gt3,n,MAM,0.06961723645191457
MIROC-ES2L,div1_QG_gt3,n,AMJ,0.010489968232173352
MIROC-ES2L,div1_QG_gt3,n,MJJ,0.06375165587261239
MIROC-ES2L,div1_QG_gt3,n,JJA,0.1183994892684869
MIROC-ES2L,div1_QG_gt3,n,JAS,0.16035836820941554
MIROC-ES2L,div1_QG_gt3,n,ASO,0.10122354403192546
MIROC-ES2L,div1_QG_gt3,n,SON,-0.35088315789317576
MIROC-ES2L,div1_QG_gt3,n,OND,0.0114295231936284
MIROC-ES2L,div1_QG_gt3,n,NDJ,-0.023075132343916744
MIROC-ES2L,div1_QG_gt3,s,DJF,0.0762093619261528
MIROC-ES2L,div1_QG_gt3,s,JFM,0.0736415203570453
MIROC-ES2L,div1_QG_gt3,s,FMA,0.07866245175547869
MIROC-ES2L,div1_QG_gt3,s,MAM,0.07818648719626665
MIROC-ES2L,div1_QG_gt3,s,AMJ,0.09594521812450825
MIROC-ES2L,div1_QG_gt3,s,MJJ,0.11729562227132838
MIROC-ES2L,div1_QG_gt3,s,JJA,0.12741734843326613
MIROC-ES2L,div1_QG_gt3,s,JAS,0.10351326872614719
MIROC-ES2L,div1_QG_gt3,s,ASO,0.10629418361685754
MIROC-ES2L,div1_QG_gt3,s,SON,0.11587118732618212
MIROC-ES2L,div1_QG_gt3,s,OND,0.10247120956889624
MIROC-ES2L,div1_QG_gt3,s,NDJ,0.09377617435388844
MIROC6,div1_QG,n,DJF,0.15839866285287002
MIROC6,div1_QG,n,JFM,0.15612054817462737
MIROC6,div1_QG,n,FMA,0.08270446647996015
MIROC6,div1_QG,n,MAM,-0.008195054655023218
MIROC6,div1_QG,n,AMJ,-0.27022613918897415
MIROC6,div1_QG,n,MJJ,-0.042061731651331584
MIROC6,div1_QG,n,JJA,-0.039170498177408974
MIROC6,div1_QG,n,JAS,0.06690710358715413
MIROC6,div1_QG,n,ASO,0.07695268200087826
MIROC6,div1_QG,n,SON,0.10102218357616205
MIROC6,div1_QG,n,OND,0.11347283709060162
MIROC6,div1_QG,n,NDJ,0.1431602723817428
MIROC6,div1_QG,s,DJF,0.054327246323919415
MIROC6,div1_QG,s,JFM,0.055299948183901784
MIROC6,div1_QG,s,FMA,0.06778041736406228
MIROC6,div1_QG,s,MAM,0.05047653589295878
MIROC6,div1_QG,s,AMJ,0.010520076809773562
MIROC6,div1_QG,s,MJJ,0.0320474546343236
MIROC6,div1_QG,s,JJA,0.05025339213137357
MIROC6,div1_QG,s,JAS,0.05528526504109017
MIROC6,div1_QG,s,ASO,0.05115062165593083
MIROC6,div1_QG,s,SON,0.03256590926866705
MIROC6,div1_QG,s,OND,0.04028749570176615
MIROC6,div1_QG,s,NDJ,0.05578808522841868
MIROC6,div1_QG_123,n,DJF,0.07595145705381656
MIROC6,div1_QG_123,n,JFM,0.0595037450950403
MIROC6,div1_QG_123,n,FMA,0.0018094386128738409
MIROC6,div1_QG_123,n,MAM,-0.05208978264278058
MIROC6,div1_QG_123,n,AMJ,-0.23110041486063607
MIROC6,div1_QG_123,n,MJJ,-0.11147255580168257
MIROC6,div1_QG_123,n,JJA,-0.1315839618691975
MIROC6,div1_QG_123,n,JAS,-0.06329850740583037
MIROC6,div1_QG_123,n,ASO,-0.05212001344350399
MIROC6,div1_QG_123,n,SON,0.01710329102665009
MIROC6,div1_QG_123,n,OND,0.03397304939919932
MIROC6,div1_QG_123,n,NDJ,0.0487697481607334
MIROC6,div1_QG_123,s,DJF,-0.02307695355580419
MIROC6,div1_QG_123,s,JFM,-0.03609034557400456
MIROC6,div1_QG_123,s,FMA,-0.026993720279593576
MIROC6,div1_QG_123,s,MAM,-0.014495814246779742
MIROC6,div1_QG_123,s,AMJ,-0.009905022838897245
MIROC6,div1_QG_123,s,MJJ,-0.010632490342852496
MIROC6,div1_QG_123,s,JJA,-0.005852889927741487
MIROC6,div1_QG_123,s,JAS,-0.0029640707934459466
MIROC6,div1_QG_123,s,ASO,-0.018493471062694264
MIROC6,div1_QG_123,s,SON,-0.038036367847693535
MIROC6,div1_QG_123,s,OND,-0.02545278530618091
MIROC6,div1_QG_123,s,NDJ,-0.013320435237499869
MIROC6,div1_QG_gt3,n,DJF,0.08271379915655043
MIROC6,div1_QG_gt3,n,JFM,0.0967997698012433
MIROC6,div1_QG_gt3,n,FMA,0.08096966620706021
MIROC6,div1_QG_gt3,n,MAM,0.0441137445494606
MIROC6,div1_QG_gt3,n,AMJ,-0.03938546614263967
MIROC6,div1_QG_gt3,n,MJJ,0.06905588284222015
MIROC6,div1_QG_gt3,n,JJA,0.09198055960498894
MIROC6,div1_QG_gt3,n,JAS,0.13016892552245574
MIROC6,div1_QG_gt3,n,ASO,0.1280525281789341
MIROC6,div1_QG_gt3,n,SON,0.08374564497167579
MIROC6,div1_QG_gt3,n,OND,0.07949838787192264
MIROC6,div1_QG_gt3,n,NDJ,0.09454688556879626
MIROC6,div1_QG_gt3,s,DJF,0.07744954064521008
MIROC6,div1_QG_gt3,s,JFM,0.09132021342370863
MIROC6,div1_QG_gt3,s,FMA,0.09476627166920365
MIROC6,div1_QG_gt3,s,MAM,0.06513168128837667
MIROC6,div1_QG_gt3,s,AMJ,0.020488436126352174
MIROC6,div1_QG_gt3,s,MJJ,0.04240492333547848
MIROC6,div1_QG_gt3,s,JJA,0.055972341999292005
MIROC6,div1_QG_gt3,s,JAS,0.05805708616381265
MIROC6,div1_QG_gt3,s,ASO,0.06953247093610639
MIROC6,div1_QG_gt3,s,SON,0.07059027195326682
MIROC6,div1_QG_gt3,s,OND,0.06575521431735058
MIROC6,div1_QG_gt3,s,NDJ,0.06922856104531368
MPI-ESM-1-2-HAM,div1_QG,n,DJF,0.12082074088407688
MPI-ESM-1-2-HAM,div1_QG,n,JFM,0.1468814268511688
MPI-ESM-1-2-HAM,div1_QG,n,FMA,0.13476410724506582
MPI-ESM-1-2-HAM,div1_QG,n,MAM,0.14609440368753748
MPI-ESM-1-2-HAM,div1_QG,n,AMJ,0.10466073249040717
MPI-ESM-1-2-HAM,div1_QG,n,MJJ,0.08707755954718116
MPI-ESM-1-2-HAM,div1_QG,n,JJA,-0.02156929468867864
MPI-ESM-1-2-HAM,div1_QG,n,JAS,0.1130603525500959
MPI-ESM-1-2-HAM,div1_QG,n,ASO,0.15539199847617463
MPI-ESM-1-2-HAM,div1_QG,n,SON,0.21650676756255105
MPI-ESM-1-2-HAM,div1_QG,n,OND,0.20884485489638638
MPI-ESM-1-2-HAM,div1_QG,n,NDJ,0.16528867562230104
MPI-ESM-1-2-HAM,div1_QG,s,DJF,0.08579929804605957
MPI-ESM-1-2-HAM,div1_QG,s,JFM,0.08331252799876454
MPI-ESM-1-2-HAM,div1_QG,s,FMA,0.07046642831550477
MPI-ESM-1-2-HAM,div1_QG,s,MAM,0.06559891953166606
MPI-ESM-1-2-HAM,div1_QG,s,AMJ,0.06470188180193306
MPI-ESM-1-2-HAM,div1_QG,s,MJJ,0.04548071786652351
MPI-ESM-1-2-HAM,div1_QG,s,JJA,0.06401950651960543
MPI-ESM-1-2-HAM,div1_QG,s,JAS,0.06843310101965641
MPI-ESM-1-2-HAM,div1_QG,s,ASO,0.08580531217898803
MPI-ESM-1-2-HAM,div1_QG,s,SON,0.08283942062539719
MPI-ESM-1-2-HAM,div1_QG,s,OND,0.09268779325714942
MPI-ESM-1-2-HAM,div1_QG,s,NDJ,0.0840878644286596
MPI-ESM-1-2-HAM,div1_QG_123,n,DJF,0.06387332442059232
MPI-ESM-1-2-HAM,div1_QG_123,n,JFM,0.06670482670625233
MPI-ESM-1-2-HAM,div1_QG_123,n,FMA,0.05457962367391655
MPI-ESM-1-2-HAM,div1_QG_123,n,MAM,0.051434629585500644
MPI-ESM-1-2-HAM,div1_QG_123,n,AMJ,0.017428869167469038
MPI-ESM-1-2-HAM,div1_QG_123,n,MJJ,0.01794687944528691
MPI-ESM-1-2-HAM,div1_QG_123,n,JJA,-0.08719082687306967
MPI-ESM-1-2-HAM,div1_QG_123,n,JAS,-0.02810804898135241
MPI-ESM-1-2-HAM,div1_QG_123,n,ASO,-0.0062217019615484325
MPI-ESM-1-2-HAM,div1_QG_123,n,SON,0.06124954416097966
MPI-ESM-1-2-HAM,div1_QG_123,n,OND,0.08169898583719881
MPI-ESM-1-2-HAM,div1_QG_123,n,NDJ,0.055889572838490324
MPI-ESM-1-2-HAM,div1_QG_123,s,DJF,-0.014133816763204158
MPI-ESM-1-2-HAM,div1_QG_123,s,JFM,-0.03442841061042809
MPI-ESM-1-2-HAM,div1_QG_123,s,FMA,-0.034889692599145525
MPI-ESM-1-2-HAM,div1_QG_123,s,MAM,-0.02709482216580654
MPI-ESM-1-2-HAM,div1_QG_123,s,AMJ,-0.04435369089579258
MPI-ESM-1-2-HAM,div1_QG_123,s,MJJ,-0.04711137348671031
MPI-ESM-1-2-HAM,div1_QG_123,s,JJA,-0.009502051431292392
MPI-ESM-1-2-HAM,div1_QG_123,s,JAS,0.004598480251337736
MPI-ESM-1-2-HAM,div1_QG_123,s,ASO,0.003837123156625816
MPI-ESM-1-2-HAM,div1_QG_123,s,SON,-0.021929010852845147
MPI-ESM-1-2-HAM,div1_QG_123,s,OND,0.0159975829723675
MPI-ESM-1-2-HAM,div1_QG_123,s,NDJ,0.0014755503960020115
MPI-ESM-1-2-HAM,div1_QG_gt3,n,DJF,0.05694741646348454
MPI-ESM-1-2-HAM,div1_QG_gt3,n,JFM,0.08017660014491647
MPI-ESM-1-2-HAM,div1_QG_gt3,n,FMA,0.08018448357114927
MPI-ESM-1-2-HAM,div1_QG_gt3,n,MAM,0.09465977410203683
MPI-ESM-1-2-HAM,div1_QG_gt3,n,AMJ,0.08723186332293817
MPI-ESM-1-2-HAM,div1_QG_gt3,n,MJJ,0.06913068010189427
MPI-ESM-1-2-HAM,div1_QG_gt3,n,JJA,0.06562153218439104
MPI-ESM-1-2-HAM,div1_QG_gt3,n,JAS,0.14116840153144833
MPI-ESM-1-2-HAM,div1_QG_gt3,n,ASO,0.16161370043772308
MPI-ESM-1-2-HAM,div1_QG_gt3,n,SON,0.1552572234015714
MPI-ESM-1-2-HAM,div1_QG_gt3,n,OND,0.12714586905918754
MPI-ESM-1-2-HAM,div1_QG_gt3,n,NDJ,0.10939910278381065
MPI-ESM-1-2-HAM,div1_QG_gt3,s,DJF,0.0999331148092637
MPI-ESM-1-2-HAM,div1_QG_gt3,s,JFM,0.11774093860919262
MPI-ESM-1-2-HAM,div1_QG_gt3,s,FMA,0.1053561209146503
MPI-ESM-1-2-HAM,div1_QG_gt3,s,MAM,0.09269374169747262
MPI-ESM-1-2-HAM,div1_QG_gt3,s,AMJ,0.10905557269772555
MPI-ESM-1-2-HAM,div1_QG_gt3,s,MJJ,0.09259209135323386
MPI-ESM-1-2-HAM,div1_QG_gt3,s,JJA,0.07352155795089782
MPI-ESM-1-2-HAM,div1_QG_gt3,s,JAS,0.06383462076831871
MPI-ESM-1-2-HAM,div1_QG_gt3,s,ASO,0.0819681890223622
MPI-ESM-1-2-HAM,div1_QG_gt3,s,SON,0.10476843147824234
MPI-ESM-1-2-HAM,div1_QG_gt3,s,OND,0.07669021028478192
MPI-ESM-1-2-HAM,div1_QG_gt3,s,NDJ,0.08261231403265762
MPI-ESM1-2-HR,div1_QG,n,DJF,0.12038537382029348
MPI-ESM1-2-HR,div1_QG,n,JFM,0.13332669138879924
MPI-ESM1-2-HR,div1_QG,n,FMA,0.07968034918303085
MPI-ESM1-2-HR,div1_QG,n,MAM,0.057716786392896346
MPI-ESM1-2-HR,div1_QG,n,AMJ,-0.03534066640178217
MPI-ESM1-2-HR,div1_QG,n,MJJ,-0.029918402772795595
MPI-ESM1-2-HR,div1_QG,n,JJA,0.025354071194754843
MPI-ESM1-2-HR,div1_QG,n,JAS,0.07530746502715913
MPI-ESM1-2-HR,div1_QG,n,ASO,0.11826619229304344
MPI-ESM1-2-HR,div1_QG,n,SON,0.03420830123442323
MPI-ESM1-2-HR,div1_QG,n,OND,0.13172043167009498
MPI-ESM1-2-HR,div1_QG,n,NDJ,0.13085598578426194
MPI-ESM1-2-HR,div1_QG,s,DJF,0.06255967620580889
MPI-ESM1-2-HR,div1_QG,s,JFM,0.06801584597296992
MPI-ESM1-2-HR,div1_QG,s,FMA,0.0714778220787097
MPI-ESM1-2-HR,div1_QG,s,MAM,0.04693953899153464
MPI-ESM1-2-HR,div1_QG,s,AMJ,0.037942482424845506
MPI-ESM1-2-HR,div1_QG,s,MJJ,0.05788984472979258
MPI-ESM1-2-HR,div1_QG,s,JJA,0.10100640666963051
MPI-ESM1-2-HR,div1_QG,s,JAS,0.09493178241657547
MPI-ESM1-2-HR,div1_QG,s,ASO,0.12537797953327492
MPI-ESM1-2-HR,div1_QG,s,SON,0.1250097453172929
MPI-ESM1-2-HR,div1_QG,s,OND,0.10125645979600341
MPI-ESM1-2-HR,div1_QG,s,NDJ,0.06931198907517568
MPI-ESM1-2-HR,div1_QG_123,n,DJF,0.04818499830338356
MPI-ESM1-2-HR,div1_QG_123,n,JFM,0.051962032925580035
MPI-ESM1-2-HR,div1_QG_123,n,FMA,0.02654480589995299
MPI-ESM1-2-HR,div1_QG_123,n,MAM,0.02412920035479128
MPI-ESM1-2-HR,div1_QG_123,n,AMJ,-0.043737883103529565
MPI-ESM1-2-HR,div1_QG_123,n,MJJ,-0.06847981864567546
MPI-ESM1-2-HR,div1_QG_123,n,JJA,-0.053990862937929956
MPI-ESM1-2-HR,div1_QG_123,n,JAS,-0.06288047291670368
MPI-ESM1-2-HR,div1_QG_123,n,ASO,-0.05553981567332847
MPI-ESM1-2-HR,div1_QG_123,n,SON,-0.06051431553524923
MPI-ESM1-2-HR,div1_QG_123,n,OND,0.022239584327704703
MPI-ESM1-2-HR,div1_QG_123,n,NDJ,0.05461149386463149
MPI-ESM1-2-HR,div1_QG_123,s,DJF,-0.02649816826903747
MPI-ESM1-2-HR,div1_QG_123,s,JFM,-0.04169765229457954
MPI-ESM1-2-HR,div1_QG_123,s,FMA,-0.043972604650796915
MPI-ESM1-2-HR,div1_QG_123,s,MAM,-0.05047331567621046
MPI-ESM1-2-HR,div1_QG_123,s,AMJ,-0.05354133604563092
MPI-ESM1-2-HR,div1_QG_123,s,MJJ,-0.0811515498168858
MPI-ESM1-2-HR,div1_QG_123,s,JJA,-0.07097516172581006
MPI-ESM1-2-HR,div1_QG_123,s,JAS,-0.03690706464525336
MPI-ESM1-2-HR,div1_QG_123,s,ASO,-0.004203364345383009
MPI-ESM1-2-HR,div1_QG_123,s,SON,-0.005170331996605451
MPI-ESM1-2-HR,div1_QG_123,s,OND,-0.010342022342602232
MPI-ESM1-2-HR,div1_QG_123,s,NDJ,-0.022374059668093395
MPI-ESM1-2-HR,div1_QG_gt3,n,DJF,0.07220037551690994
MPI-ESM1-2-HR,div1_QG_gt3,n,JFM,0.08136465846321916
MPI-ESM1-2-HR,div1_QG_gt3,n,FMA,0.05313554328307785
MPI-ESM1-2-HR,div1_QG_gt3,n,MAM,0.033587586038105056
MPI-ESM1-2-HR,div1_QG_gt3,n,AMJ,0.00839721670174739
MPI-ESM1-2-HR,div1_QG_gt3,n,MJJ,0.03856141587287984
MPI-ESM1-2-HR,div1_QG_gt3,n,JJA,0.0793449341326848
MPI-ESM1-2-HR,div1_QG_gt3,n,JAS,0.1381879379438629
MPI-ESM1-2-HR,div1_QG_gt3,n,ASO,0.173806007966372
MPI-ESM1-2-HR,div1_QG_gt3,n,SON,0.09472261676967243
MPI-ESM1-2-HR,div1_QG_gt3,n,OND,0.10948084734239033
MPI-ESM1-2-HR,div1_QG_gt3,n,NDJ,0.07624449191963045
MPI-ESM1-2-HR,div1_QG_gt3,s,DJF,0.08905784447484635
MPI-ESM1-2-HR,div1_QG_gt3,s,JFM,0.10971349826754952
MPI-ESM1-2-HR,div1_QG_gt3,s,FMA,0.11545042672950659
MPI-ESM1-2-HR,div1_QG_gt3,s,MAM,0.0974128546677451
MPI-ESM1-2-HR,div1_QG_gt3,s,AMJ,0.09148381847047639
MPI-ESM1-2-HR,div1_QG_gt3,s,MJJ,0.13904139454667844
MPI-ESM1-2-HR,div1_QG_gt3,s,JJA,0.17198156839544063
MPI-ESM1-2-HR,div1_QG_gt3,s,JAS,0.13183884706182886
MPI-ESM1-2-HR,div1_QG_gt3,s,ASO,0.12958134387865794
MPI-ESM1-2-HR,div1_QG_gt3,s,SON,0.13018007731389836
MPI-ESM1-2-HR,div1_QG_gt3,s,OND,0.11159848213860565
MPI-ESM1-2-HR,div1_QG_gt3,s,NDJ,0.09168604874326908
MPI-ESM1-2-LR,div1_QG,n,DJF,0.13884588542976622
MPI-ESM1-2-LR,div1_QG,n,JFM,0.11732783173498723
MPI-ESM1-2-LR,div1_QG,n,FMA,0.1057185440948813
MPI-ESM1-2-LR,div1_QG,n,MAM,0.09544423241837614
MPI-ESM1-2-LR,div1_QG,n,AMJ,0.025991921722826838
MPI-ESM1-2-LR,div1_QG,n,MJJ,0.022440656076303318
MPI-ESM1-2-LR,div1_QG,n,JJA,0.06593207282789042
MPI-ESM1-2-LR,div1_QG,n,JAS,0.12702184775538813
MPI-ESM1-2-LR,div1_QG,n,ASO,0.15652132321574713
MPI-ESM1-2-LR,div1_QG,n,SON,0.13733002203861996
MPI-ESM1-2-LR,div1_QG,n,OND,0.11834614995435519
MPI-ESM1-2-LR,div1_QG,n,NDJ,0.15407394324460716
MPI-ESM1-2-LR,div1_QG,s,DJF,0.03948823157344222
MPI-ESM1-2-LR,div1_QG,s,JFM,-0.0001479446230810077
MPI-ESM1-2-LR,div1_QG,s,FMA,0.02555156340152322
MPI-ESM1-2-LR,div1_QG,s,MAM,-0.00017568494246923694
MPI-ESM1-2-LR,div1_QG,s,AMJ,0.0035425344664021217
MPI-ESM1-2-LR,div1_QG,s,MJJ,0.07037064429251018
MPI-ESM1-2-LR,div1_QG,s,JJA,0.08902504168988397
MPI-ESM1-2-LR,div1_QG,s,JAS,0.10668992687943787
MPI-ESM1-2-LR,div1_QG,s,ASO,0.1112324389178552
MPI-ESM1-2-LR,div1_QG,s,SON,0.07581277830629908
MPI-ESM1-2-LR,div1_QG,s,OND,0.06076231770047032
MPI-ESM1-2-LR,div1_QG,s,NDJ,0.0371755693225586
MPI-ESM1-2-LR,div1_QG_123,n,DJF,0.04806912038968133
MPI-ESM1-2-LR,div1_QG_123,n,JFM,0.046115224948263756
MPI-ESM1-2-LR,div1_QG_123,n,FMA,-0.0047864430284941546
MPI-ESM1-2-LR,div1_QG_123,n,MAM,-0.013133120930928645
MPI-ESM1-2-LR,div1_QG_123,n,AMJ,-0.09566644681821765
MPI-ESM1-2-LR,div1_QG_123,n,MJJ,-0.05680824191509097
MPI-ESM1-2-LR,div1_QG_123,n,JJA,0.012651633795336716
MPI-ESM1-2-LR,div1_QG_123,n,JAS,0.026160888407387922
MPI-ESM1-2-LR,div1_QG_123,n,ASO,0.022363637785729786
MPI-ESM1-2-LR,div1_QG_123,n,SON,-0.005101749427365854
MPI-ESM1-2-LR,div1_QG_123,n,OND,-0.041284598092708256
MPI-ESM1-2-LR,div1_QG_123,n,NDJ,0.01762229042320544
MPI-ESM1-2-LR,div1_QG_123,s,DJF,-0.02435958334788489
MPI-ESM1-2-LR,div1_QG_123,s,JFM,-0.048798925297758505
MPI-ESM1-2-LR,div1_QG_123,s,FMA,-0.049126497481430775
MPI-ESM1-2-LR,div1_QG_123,s,MAM,-0.030985476063325273
MPI-ESM1-2-LR,div1_QG_123,s,AMJ,-0.04296581752807272
MPI-ESM1-2-LR,div1_QG_123,s,MJJ,-0.003956516729259665
MPI-ESM1-2-LR,div1_QG_123,s,JJA,-0.04270659007808262
MPI-ESM1-2-LR,div1_QG_123,s,JAS,0.0008869713909702735
MPI-ESM1-2-LR,div1_QG_123,s,ASO,0.008662089084137972
MPI-ESM1-2-LR,div1_QG_123,s,SON,-0.010547267042024472
MPI-ESM1-2-LR,div1_QG_123,s,OND,-0.012723772451863806
MPI-ESM1-2-LR,div1_QG_123,s,NDJ,-0.026462015292927753
MPI-ESM1-2-LR,div1_QG_gt3,n,DJF,0.09077676504008486
MPI-ESM1-2-LR,div1_QG_gt3,n,JFM,0.07121260678672345
MPI-ESM1-2-LR,div1_QG_gt3,n,FMA,0.11050498712337543
MPI-ESM1-2-LR,div1_QG_gt3,n,MAM,0.10857735334930482
MPI-ESM1-2-LR,div1_QG_gt3,n,AMJ,0.12165836854104449
MPI-ESM1-2-LR,div1_QG_gt3,n,MJJ,0.07924889799139431
MPI-ESM1-2-LR,div1_QG_gt3,n,JJA,0.05328043903255371
MPI-ESM1-2-LR,div1_QG_gt3,n,JAS,0.10086095934800023
MPI-ESM1-2-LR,div1_QG_gt3,n,ASO,0.1341576854300173
MPI-ESM1-2-LR,div1_QG_gt3,n,SON,0.14243177146598582
MPI-ESM1-2-LR,div1_QG_gt3,n,OND,0.1596307480470634
MPI-ESM1-2-LR,div1_QG_gt3,n,NDJ,0.13645165282140173
MPI-ESM1-2-LR,div1_QG_gt3,s,DJF,0.06384781492132714
MPI-ESM1-2-LR,div1_QG_gt3,s,JFM,0.04865098067467752
MPI-ESM1-2-LR,div1_QG_gt3,s,FMA,0.074678060882954
MPI-ESM1-2-LR,div1_QG_gt3,s,MAM,0.030809791120856047
MPI-ESM1-2-LR,div1_QG_gt3,s,AMJ,0.04650835199447487
MPI-ESM1-2-LR,div1_QG_gt3,s,MJJ,0.07432716102176984
MPI-ESM1-2-LR,div1_QG_gt3,s,JJA,0.13173163176796662
MPI-ESM1-2-LR,div1_QG_gt3,s,JAS,0.10580295548846759
MPI-ESM1-2-LR,div1_QG_gt3,s,ASO,0.10257034983371723
MPI-ESM1-2-LR,div1_QG_gt3,s,SON,0.08636004534832355
MPI-ESM1-2-LR,div1_QG_gt3,s,OND,0.07348609015233415
MPI-ESM1-2-LR,div1_QG_gt3,s,NDJ,0.06363758461548637
MRI-ESM2-0,div1_QG,n,DJF,0.13551494711461112
MRI-ESM2-0,div1_QG,n,JFM,0.14368801864667466
MRI-ESM2-0,div1_QG,n,FMA,0.1362680321483685
MRI-ESM2-0,div1_QG,n,MAM,0.10719213791202438
MRI-ESM2-0,div1_QG,n,AMJ,0.10579826593207703
MRI-ESM2-0,div1_QG,n,MJJ,-0.09061668417440827
MRI-ESM2-0,div1_QG,n,JJA,-0.0648899639364105
MRI-ESM2-0,div1_QG,n,JAS,0.045843107351924
MRI-ESM2-0,div1_QG,n,ASO,-0.02696681243725492
MRI-ESM2-0,div1_QG,n,SON,0.046705816260206215
MRI-ESM2-0,div1_QG,n,OND,0.07997873487747033
MRI-ESM2-0,div1_QG,n,NDJ,0.1379510682281133
MRI-ESM2-0,div1_QG,s,DJF,0.06641366069442652
MRI-ESM2-0,div1_QG,s,JFM,0.06384476941315359
MRI-ESM2-0,div1_QG,s,FMA,0.04045351885765199
MRI-ESM2-0,div1_QG,s,MAM,0.0672471485902665
MRI-ESM2-0,div1_QG,s,AMJ,0.011596970674931404
MRI-ESM2-0,div1_QG,s,MJJ,0.0037040610940538812
MRI-ESM2-0,div1_QG,s,JJA,-0.02980448845615874
MRI-ESM2-0,div1_QG,s,JAS,-0.0270748182318191
MRI-ESM2-0,div1_QG,s,ASO,0.024114038189025865
MRI-ESM2-0,div1_QG,s,SON,0.07217318858822978
MRI-ESM2-0,div1_QG,s,OND,0.09240201709564273
MRI-ESM2-0,div1_QG,s,NDJ,0.08057411972528199
MRI-ESM2-0,div1_QG_123,n,DJF,0.03386638533997567
MRI-ESM2-0,div1_QG_123,n,JFM,0.033570925723968796
MRI-ESM2-0,div1_QG_123,n,FMA,0.012521943388665113
MRI-ESM2-0,div1_QG_123,n,MAM,-0.0012587929808284318
MRI-ESM2-0,div1_QG_123,n,AMJ,-0.01574712388781393
MRI-ESM2-0,div1_QG_123,n,MJJ,-0.1476953832314744
MRI-ESM2-0,div1_QG_123,n,JJA,-0.2170385236238287
MRI-ESM2-0,div1_QG_123,n,JAS,-0.027395039006283636
MRI-ESM2-0,div1_QG_123,n,ASO,-0.020330437003787755
MRI-ESM2-0,div1_QG_123,n,SON,0.02365935758946508
MRI-ESM2-0,div1_QG_123,n,OND,-0.022033015735101677
MRI-ESM2-0,div1_QG_123,n,NDJ,0.03744506708272341
MRI-ESM2-0,div1_QG_123,s,DJF,-0.01260403991199546
MRI-ESM2-0,div1_QG_123,s,JFM,-0.02484118608673002
MRI-ESM2-0,div1_QG_123,s,FMA,-0.0208674246438103
MRI-ESM2-0,div1_QG_123,s,MAM,-0.00916193609910709
MRI-ESM2-0,div1_QG_123,s,AMJ,-0.0043222837070978565
MRI-ESM2-0,div1_QG_123,s,MJJ,0.018592479379724025
MRI-ESM2-0,div1_QG_123,s,JJA,-0.027267740842678308
MRI-ESM2-0,div1_QG_123,s,JAS,-0.101674534107641
MRI-ESM2-0,div1_QG_123,s,ASO,-0.04830431692629644
MRI-ESM2-0,div1_QG_123,s,SON,-0.011563644299017744
MRI-ESM2-0,div1_QG_123,s,OND,0.0032779207482514375
MRI-ESM2-0,div1_QG_123,s,NDJ,-0.005745569704866217
MRI-ESM2-0,div1_QG_gt3,n,DJF,0.10168972546593724
MRI-ESM2-0,div1_QG_gt3,n,JFM,0.11015102952280043
MRI-ESM2-0,div1_QG_gt3,n,FMA,0.12379321718149641
MRI-ESM2-0,div1_QG_gt3,n,MAM,0.10852503232025341
MRI-ESM2-0,div1_QG_gt3,n,AMJ,0.12171395124273744
MRI-ESM2-0,div1_QG_gt3,n,MJJ,0.057436884926923115
MRI-ESM2-0,div1_QG_gt3,n,JJA,0.15320440410757571
MRI-ESM2-0,div1_QG_gt3,n,JAS,0.07284062015658173
MRI-ESM2-0,div1_QG_gt3,n,ASO,-0.006435611539861101
MRI-ESM2-0,div1_QG_gt3,n,SON,0.023318633615984383
MRI-ESM2-0,div1_QG_gt3,n,OND,0.10201628282816086
MRI-ESM2-0,div1_QG_gt3,n,NDJ,0.10047973902241132
MRI-ESM2-0,div1_QG_gt3,s,DJF,0.07905874164804957
MRI-ESM2-0,div1_QG_gt3,s,JFM,0.08869376358801201
MRI-ESM2-0,div1_QG_gt3,s,FMA,0.06128237759827568
MRI-ESM2-0,div1_QG_gt3,s,MAM,0.07640705774350576
MRI-ESM2-0,div1_QG_gt3,s,AMJ,0.01562510133347753
MRI-ESM2-0,div1_QG_gt3,s,MJJ,-0.015465498836704297
MRI-ESM2-0,div1_QG_gt3,s,JJA,-0.0030206401648259296
MRI-ESM2-0,div1_QG_gt3,s,JAS,0.07505552223080028
MRI-ESM2-0,div1_QG_gt3,s,ASO,0.07280362329593688
MRI-ESM2-0,div1_QG_gt3,s,SON,0.0841349103522678
MRI-ESM2-0,div1_QG_gt3,s,OND,0.08930066710079797
MRI-ESM2-0,div1_QG_gt3,s,NDJ,0.08636849864188333
NESM3,div1_QG,n,DJF,0.17007372589386524
NESM3,div1_QG,n,JFM,0.14625998122137063
NESM3,div1_QG,n,FMA,0.11768244564058836
NESM3,div1_QG,n,MAM,0.10516959994785836
NESM3,div1_QG,n,AMJ,0.0995023227948683
NESM3,div1_QG,n,MJJ,0.09791372649816747
NESM3,div1_QG,n,JJA,0.05292601147383548
NESM3,div1_QG,n,JAS,-0.07849285581469892
NESM3,div1_QG,n,ASO,0.01682718857793882
NESM3,div1_QG,n,SON,0.057011902948202235
NESM3,div1_QG,n,OND,0.16628644939052742
NESM3,div1_QG,n,NDJ,0.15154724130128297
NESM3,div1_QG,s,DJF,0.03588495196575341
NESM3,div1_QG,s,JFM,-0.075503432099598
NESM3,div1_QG,s,FMA,-0.24888333420929015
NESM3,div1_QG,s,MAM,-0.10016877075249728
NESM3,div1_QG,s,AMJ,0.06817258523673358
NESM3,div1_QG,s,MJJ,0.07391566024050673
NESM3,div1_QG,s,JJA,0.14965256665097962
NESM3,div1_QG,s,JAS,0.14429860484348342
NESM3,div1_QG,s,ASO,0.12326749488636882
NESM3,div1_QG,s,SON,0.07406138003486157
NESM3,div1_QG,s,OND,0.05954986086823667
NESM3,div1_QG,s,NDJ,0.045782178422939135
NESM3,div1_QG_123,n,DJF,0.05126814040266478
NESM3,div1_QG_123,n,JFM,0.025759897510865513
NESM3,div1_QG_123,n,FMA,0.023393516425980563
NESM3,div1_QG_123,n,MAM,0.014731003328669945
NESM3,div1_QG_123,n,AMJ,-0.01568451676872141
NESM3,div1_QG_123,n,MJJ,-0.04027384765843521
NESM3,div1_QG_123,n,JJA,-0.06589209717143396
NESM3,div1_QG_123,n,JAS,-0.05039860769432305
NESM3,div1_QG_123,n,ASO,-0.04808248457615677
NESM3,div1_QG_123,n,SON,-0.045108994928885315
NESM3,div1_QG_123,n,OND,0.025677133715089374
NESM3,div1_QG_123,n,NDJ,0.054091868229455414
NESM3,div1_QG_123,s,DJF,-0.04438552335186689
NESM3,div1_QG_123,s,JFM,-0.1345498992117225
NESM3,div1_QG_123,s,FMA,-0.223155547877692
NESM3,div1_QG_123,s,MAM,-0.14061569082771178
NESM3,div1_QG_123,s,AMJ,-0.01735113846568914
NESM3,div1_QG_123,s,MJJ,-0.001533844287547539
NESM3,div1_QG_123,s,JJA,-0.005411108710829083
NESM3,div1_QG_123,s,JAS,-0.009767816017077307
NESM3,div1_QG_123,s,ASO,-0.013083666831042262
NESM3,div1_QG_123,s,SON,-0.01884636977261937
NESM3,div1_QG_123,s,OND,-0.030647017145729663
NESM3,div1_QG_123,s,NDJ,-0.0344034693592328
NESM3,div1_QG_gt3,n,DJF,0.11880558549120046
NESM3,div1_QG_gt3,n,JFM,0.12050008371050512
NESM3,div1_QG_gt3,n,FMA,0.09428892921460778
NESM3,div1_QG_gt3,n,MAM,0.09043859661918842
NESM3,div1_QG_gt3,n,AMJ,0.11518683956358972
NESM3,div1_QG_gt3,n,MJJ,0.1381875741566027
NESM3,div1_QG_gt3,n,JJA,0.11881810864526945
NESM3,div1_QG_gt3,n,JAS,-0.028094248120375826
NESM3,div1_QG_gt3,n,ASO,0.06490967315409568
NESM3,div1_QG_gt3,n,SON,0.10212089787708759
NESM3,div1_QG_gt3,n,OND,0.14060931567543805
NESM3,div1_QG_gt3,n,NDJ,0.09745537307182751
NESM3,div1_QG_gt3,s,DJF,0.08027047531762029
NESM3,div1_QG_gt3,s,JFM,0.05904646711212455
NESM3,div1_QG_gt3,s,FMA,-0.025727786331598064
NESM3,div1_QG_gt3,s,MAM,0.0404469200752145
NESM3,div1_QG_gt3,s,AMJ,0.08552372370242271
NESM3,div1_QG_gt3,s,MJJ,0.07544950452805424
NESM3,div1_QG_gt3,s,JJA,0.1550636753618087
NESM3,div1_QG_gt3,s,JAS,0.1540664208605607
NESM3,div1_QG_gt3,s,ASO,0.13635116171741107
NESM3,div1_QG_gt3,s,SON,0.09290774980748091
NESM3,div1_QG_gt3,s,OND,0.09019687801396635
NESM3,div1_QG_gt3,s,NDJ,0.08018564778217195
NorESM2-LM,div1_QG,n,DJF,0.1379431266383071
NorESM2-LM,div1_QG,n,JFM,0.13734615405811865
NorESM2-LM,div1_QG,n,FMA,0.1256184594236503
NorESM2-LM,div1_QG,n,MAM,0.1740889133500323
NorESM2-LM,div1_QG,n,AMJ,0.09313645150609914
NorESM2-LM,div1_QG,n,MJJ,0.09666730500309645
NorESM2-LM,div1_QG,n,JJA,0.10248483127023256
NorESM2-LM,div1_QG,n,JAS,0.007111156962485921
NorESM2-LM,div1_QG,n,ASO,0.0817816647945976
NorESM2-LM,div1_QG,n,SON,0.09694025968971691
NorESM2-LM,div1_QG,n,OND,0.10633274854403482
NorESM2-LM,div1_QG,n,NDJ,0.14788338118900402
NorESM2-LM,div1_QG,s,DJF,0.027234674991322514
NorESM2-LM,div1_QG,s,JFM,0.038034670417792564
NorESM2-LM,div1_QG,s,FMA,0.035995002300312134
NorESM2-LM,div1_QG,s,MAM,0.017964827259764355
NorESM2-LM,div1_QG,s,AMJ,-0.028280952119111052
NorESM2-LM,div1_QG,s,MJJ,0.027209279779141598
NorESM2-LM,div1_QG,s,JJA,0.03962173847015739
NorESM2-LM,div1_QG,s,JAS,0.019318660341688804
NorESM2-LM,div1_QG,s,ASO,0.02780578954174013
NorESM2-LM,div1_QG,s,SON,0.06260936626881616
NorESM2-LM,div1_QG,s,OND,0.071598240952381
NorESM2-LM,div1_QG,s,NDJ,0.05192385341905452
NorESM2-LM,div1_QG_123,n,DJF,0.04169213346232551
NorESM2-LM,div1_QG_123,n,JFM,0.027046883549405584
NorESM2-LM,div1_QG_123,n,FMA,0.021570317776202642
NorESM2-LM,div1_QG_123,n,MAM,0.05358201586822175
NorESM2-LM,div1_QG_123,n,AMJ,0.0061582004923185435
NorESM2-LM,div1_QG_123,n,MJJ,0.016409816450609967
NorESM2-LM,div1_QG_123,n,JJA,0.005387971700577937
NorESM2-LM,div1_QG_123,n,JAS,-0.04173312823555901
NorESM2-LM,div1_QG_123,n,ASO,-0.01021131091823952
NorESM2-LM,div1_QG_123,n,SON,-0.0007630203835169398
NorESM2-LM,div1_QG_123,n,OND,0.03313096745989643
NorESM2-LM,div1_QG_123,n,NDJ,0.05475305383812841
NorESM2-LM,div1_QG_123,s,DJF,-0.015584943299333857
NorESM2-LM,div1_QG_123,s,JFM,-0.017360163400828858
NorESM2-LM,div1_QG_123,s,FMA,-0.015817217517180147
NorESM2-LM,div1_QG_123,s,MAM,-0.031105563123218195
NorESM2-LM,div1_QG_123,s,AMJ,-0.05006278337621516
NorESM2-LM,div1_QG_123,s,MJJ,-0.05141547137769431
NorESM2-LM,div1_QG_123,s,JJA,-0.04831498662827196
NorESM2-LM,div1_QG_123,s,JAS,-0.05908701091741091
NorESM2-LM,div1_QG_123,s,ASO,-0.060974344913499616
NorESM2-LM,div1_QG_123,s,SON,-0.05500552415759149
NorESM2-LM,div1_QG_123,s,OND,-0.03221331419141232
NorESM2-LM,div1_QG_123,s,NDJ,-0.020401684876837065
NorESM2-LM,div1_QG_gt3,n,DJF,0.0962509931759816
NorESM2-LM,div1_QG_gt3,n,JFM,0.11029927050871303
NorESM2-LM,div1_QG_gt3,n,FMA,0.10404814164744766
NorESM2-LM,div1_QG_gt3,n,MAM,0.12050689748181052
NorESM2-LM,div1_QG_gt3,n,AMJ,0.08697825101378064
NorESM2-LM,div1_QG_gt3,n,MJJ,0.08025748855248648
NorESM2-LM,div1_QG_gt3,n,JJA,0.09709685956965462
NorESM2-LM,div1_QG_gt3,n,JAS,0.04884428519804494
NorESM2-LM,div1_QG_gt3,n,ASO,0.09199297571283709
NorESM2-LM,div1_QG_gt3,n,SON,0.0977032800732338
NorESM2-LM,div1_QG_gt3,n,OND,0.0732017810841384
NorESM2-LM,div1_QG_gt3,n,NDJ,0.09313032735087559
NorESM2-LM,div1_QG_gt3,s,DJF,0.04281961829065639
NorESM2-LM,div1_QG_gt3,s,JFM,0.05539483381862142
NorESM2-LM,div1_QG_gt3,s,FMA,0.051812219817492275
NorESM2-LM,div1_QG_gt3,s,MAM,0.04907039038298255
NorESM2-LM,div1_QG_gt3,s,AMJ,0.021781831257104062
NorESM2-LM,div1_QG_gt3,s,MJJ,0.07862475115683594
NorESM2-LM,div1_QG_gt3,s,JJA,0.08793672509842933
NorESM2-LM,div1_QG_gt3,s,JAS,0.07840567125909971
NorESM2-LM,div1_QG_gt3,s,ASO,0.08878013445523972
NorESM2-LM,div1_QG_gt3,s,SON,0.11761489042640763
NorESM2-LM,div1_QG_gt3,s,OND,0.10381155514379331
NorESM2-LM,div1_QG_gt3,s,NDJ,0.0723255382958916
NorESM2-MM,div1_QG,n,DJF,0.07921640284657307
NorESM2-MM,div1_QG,n,JFM,0.06144596022184644
NorESM2-MM,div1_QG,n,FMA,0.09698507660665662
NorESM2-MM,div1_QG,n,MAM,0.08959844291815658
NorESM2-MM,div1_QG,n,AMJ,0.09893615831920871
NorESM2-MM,div1_QG,n,MJJ,0.08994870652995987
NorESM2-MM,div1_QG,n,JJA,0.0531004710792056
NorESM2-MM,div1_QG,n,JAS,0.06491783424880361
NorESM2-MM,div1_QG,n,ASO,0.09948001188391514
NorESM2-MM,div1_QG,n,SON,0.09082030993756346
NorESM2-MM,div1_QG,n,OND,0.10655518482469607
NorESM2-MM,div1_QG,n,NDJ,0.08514869531826245
NorESM2-MM,div1_QG,s,DJF,0.04331263121433342
NorESM2-MM,div1_QG,s,JFM,0.053620069688697716
NorESM2-MM,div1_QG,s,FMA,0.04886526332598997
NorESM2-MM,div1_QG,s,MAM,0.04365175207274388
NorESM2-MM,div1_QG,s,AMJ,0.049709939019803695
NorESM2-MM,div1_QG,s,MJJ,0.08291118305450945
NorESM2-MM,div1_QG,s,JJA,0.0372353888430267
NorESM2-MM,div1_QG,s,JAS,0.04888238485266401
NorESM2-MM,div1_QG,s,ASO,0.043788442615833326
NorESM2-MM,div1_QG,s,SON,0.04236716986366933
NorESM2-MM,div1_QG,s,OND,0.028456579911357593
NorESM2-MM,div1_QG,s,NDJ,0.02746676308471888
NorESM2-MM,div1_QG_123,n,DJF,0.025253549565770406
NorESM2-MM,div1_QG_123,n,JFM,0.004598927878177828
NorESM2-MM,div1_QG_123,n,FMA,0.03787844108999555
NorESM2-MM,div1_QG_123,n,MAM,-0.002733085615782591
NorESM2-MM,div1_QG_123,n,AMJ,-0.02956764229568269
NorESM2-MM,div1_QG_123,n,MJJ,0.014245225244830354
NorESM2-MM,div1_QG_123,n,JJA,-0.038080148167431625
NorESM2-MM,div1_QG_123,n,JAS,-0.026029015257812406
NorESM2-MM,div1_QG_123,n,ASO,-0.027301177746815692
NorESM2-MM,div1_QG_123,n,SON,-0.018762358419168325
NorESM2-MM,div1_QG_123,n,OND,0.04679246858033868
NorESM2-MM,div1_QG_123,n,NDJ,0.02539800040344626
NorESM2-MM,div1_QG_123,s,DJF,-0.04249650300168059
NorESM2-MM,div1_QG_123,s,JFM,-0.0362960044958225
NorESM2-MM,div1_QG_123,s,FMA,-0.02957816050233676
NorESM2-MM,div1_QG_123,s,MAM,-0.050753144239024224
NorESM2-MM,div1_QG_123,s,AMJ,-0.06954497604200811
NorESM2-MM,div1_QG_123,s,MJJ,-0.07782210806486052
NorESM2-MM,div1_QG_123,s,JJA,-0.08483859998271452
NorESM2-MM,div1_QG_123,s,JAS,-0.06066227180358272
NorESM2-MM,div1_QG_123,s,ASO,-0.047494677148741844
NorESM2-MM,div1_QG_123,s,SON,-0.0514865584487768
NorESM2-MM,div1_QG_123,s,OND,-0.043513433792235066
NorESM2-MM,div1_QG_123,s,NDJ,-0.045625154467250226
NorESM2-MM,div1_QG_gt3,n,DJF,0.05396285328080265
NorESM2-MM,div1_QG_gt3,n,JFM,0.05684703234366861
NorESM2-MM,div1_QG_gt3,n,FMA,0.05910663551666105
NorESM2-MM,div1_QG_gt3,n,MAM,0.09233152853393915
NorESM2-MM,div1_QG_gt3,n,AMJ,0.12850380061489136
NorESM2-MM,div1_QG_gt3,n,MJJ,0.07570348128512948
NorESM2-MM,div1_QG_gt3,n,JJA,0.09118061924663727
NorESM2-MM,div1_QG_gt3,n,JAS,0.09094684950661601
NorESM2-MM,div1_QG_gt3,n,ASO,0.1267811896307309
NorESM2-MM,div1_QG_gt3,n,SON,0.10958266835673178
NorESM2-MM,div1_QG_gt3,n,OND,0.05976271624435733
NorESM2-MM,div1_QG_gt3,n,NDJ,0.05975069491481617
NorESM2-MM,div1_QG_gt3,s,DJF,0.08580913421601404
NorESM2-MM,div1_QG_gt3,s,JFM,0.08991607418452018
NorESM2-MM,div1_QG_gt3,s,FMA,0.0784434238283267
NorESM2-MM,div1_QG_gt3,s,MAM,0.09440489631176813
NorESM2-MM,div1_QG_gt3,s,AMJ,0.11925491506181181
NorESM2-MM,div1_QG_gt3,s,MJJ,0.16073329111936996
NorESM2-MM,div1_QG_gt3,s,JJA,0.12207398882574119
NorESM2-MM,div1_QG_gt3,s,JAS,0.10954465665624671
NorESM2-MM,div1_QG_gt3,s,ASO,0.09128311976457515
NorESM2-MM,div1_QG_gt3,s,SON,0.09385372831244615
NorESM2-MM,div1_QG_gt3,s,OND,0.07197001370359266
NorESM2-MM,div1_QG_gt3,s,NDJ,0.07309191755196912
SAM0-UNICON,div1_QG,n,DJF,0.10899020792271721
SAM0-UNICON,div1_QG,n,JFM,0.12063462200939047
SAM0-UNICON,div1_QG,n,FMA,0.1729672090933037
SAM0-UNICON,div1_QG,n,MAM,0.17688342225550657
SAM0-UNICON,div1_QG,n,AMJ,0.105044817172366
SAM0-UNICON,div1_QG,n,MJJ,0.057445948555929924
SAM0-UNICON,div1_QG,n,JJA,-0.20218028436793828
SAM0-UNICON,div1_QG,n,JAS,-0.04835213239905405
SAM0-UNICON,div1_QG,n,ASO,0.13138311710184225
SAM0-UNICON,div1_QG,n,SON,0.0886241322455499
SAM0-UNICON,div1_QG,n,OND,0.15235727545631952
SAM0-UNICON,div1_QG,n,NDJ,0.14719729653023872
SAM0-UNICON,div1_QG,s,DJF,0.041157967243749934
SAM0-UNICON,div1_QG,s,JFM,0.013625048110312033
SAM0-UNICON,div1_QG,s,FMA,0.02074954557771934
SAM0-UNICON,div1_QG,s,MAM,0.020328496379741805
SAM0-UNICON,div1_QG,s,AMJ,0.0357152406626724
SAM0-UNICON,div1_QG,s,MJJ,0.05721680801951285
SAM0-UNICON,div1_QG,s,JJA,0.058153291318995215
SAM0-UNICON,div1_QG,s,JAS,0.01108123006410557
SAM0-UNICON,div1_QG,s,ASO,0.03428823538530636
SAM0-UNICON,div1_QG,s,SON,0.08013034629313266
SAM0-UNICON,div1_QG,s,OND,0.08671656530876529
SAM0-UNICON,div1_QG,s,NDJ,0.06262081330480956
SAM0-UNICON,div1_QG_123,n,DJF,0.04738371626639557
SAM0-UNICON,div1_QG_123,n,JFM,0.05821309115397623
SAM0-UNICON,div1_QG_123,n,FMA,0.05774107478445285
SAM0-UNICON,div1_QG_123,n,MAM,0.055616360985805226
SAM0-UNICON,div1_QG_123,n,AMJ,0.01204015744426317
SAM0-UNICON,div1_QG_123,n,MJJ,-0.029567509129495264
SAM0-UNICON,div1_QG_123,n,JJA,-0.3051235796859657
SAM0-UNICON,div1_QG_123,n,JAS,-0.25634742098489266
SAM0-UNICON,div1_QG_123,n,ASO,-0.06835768190096286
SAM0-UNICON,div1_QG_123,n,SON,-0.017169589076860284
SAM0-UNICON,div1_QG_123,n,OND,0.054530568455767245
SAM0-UNICON,div1_QG_123,n,NDJ,0.0406562941782937
SAM0-UNICON,div1_QG_123,s,DJF,-0.028144819122736725
SAM0-UNICON,div1_QG_123,s,JFM,-0.04043883254148834
SAM0-UNICON,div1_QG_123,s,FMA,-0.027558225662595495
SAM0-UNICON,div1_QG_123,s,MAM,-0.04411865140922429
SAM0-UNICON,div1_QG_123,s,AMJ,-0.04470161884184095
SAM0-UNICON,div1_QG_123,s,MJJ,-0.0625212165470409
SAM0-UNICON,div1_QG_123,s,JJA,-0.03146591737547993
SAM0-UNICON,div1_QG_123,s,JAS,-0.040576667364215155
SAM0-UNICON,div1_QG_123,s,ASO,-0.016130654482414332
SAM0-UNICON,div1_QG_123,s,SON,-0.015671719679782533
SAM0-UNICON,div1_QG_123,s,OND,-0.007706703753113947
SAM0-UNICON,div1_QG_123,s,NDJ,-0.01918873126386791
SAM0-UNICON,div1_QG_gt3,n,DJF,0.06139566976978302
SAM0-UNICON,div1_QG_gt3,n,JFM,0.06236173732929589
SAM0-UNICON,div1_QG_gt3,n,FMA,0.11519775845427324
SAM0-UNICON,div1_QG_gt3,n,MAM,0.1209850078399122
SAM0-UNICON,div1_QG_gt3,n,AMJ,0.09275310564405595
SAM0-UNICON,div1_QG_gt3,n,MJJ,0.0861937537600107
SAM0-UNICON,div1_QG_gt3,n,JJA,0.1023219860062868
SAM0-UNICON,div1_QG_gt3,n,JAS,0.20841722686411968
SAM0-UNICON,div1_QG_gt3,n,ASO,0.1998041844563676
SAM0-UNICON,div1_QG_gt3,n,SON,0.10554281927090262
SAM0-UNICON,div1_QG_gt3,n,OND,0.09787735121048267
SAM0-UNICON,div1_QG_gt3,n,NDJ,0.10643295405642245
SAM0-UNICON,div1_QG_gt3,s,DJF,0.06927866526558142
SAM0-UNICON,div1_QG_gt3,s,JFM,0.053955376815213174
SAM0-UNICON,div1_QG_gt3,s,FMA,0.048228537438076244
SAM0-UNICON,div1_QG_gt3,s,MAM,0.06448372848858082
SAM0-UNICON,div1_QG_gt3,s,AMJ,0.08017359680267978
SAM0-UNICON,div1_QG_gt3,s,MJJ,0.11945662640246235
SAM0-UNICON,div1_QG_gt3,s,JJA,0.08923620331620213
SAM0-UNICON,div1_QG_gt3,s,JAS,0.05116422330388455
SAM0-UNICON,div1_QG_gt3,s,ASO,0.050258729749437424
SAM0-UNICON,div1_QG_gt3,s,SON,0.09573592701627766
SAM0-UNICON,div1_QG_gt3,s,OND,0.09443258688695216
SAM0-UNICON,div1_QG_gt3,s,NDJ,0.08179041438627253
TaiESM1,div1_QG,n,DJF,0.11414554714245764
TaiESM1,div1_QG,n,JFM,0.11195277053810282
TaiESM1,div1_QG,n,FMA,0.09632917499085168
TaiESM1,div1_QG,n,MAM,0.05090440702349911
TaiESM1,div1_QG,n,AMJ,0.047594445208618094
TaiESM1,div1_QG,n,MJJ,0.05641205029752032
TaiESM1,div1_QG,n,JJA,-0.0010114762430716573
TaiESM1,div1_QG,n,JAS,0.004829799430017654
TaiESM1,div1_QG,n,ASO,0.04124862516466986
TaiESM1,div1_QG,n,SON,-0.07033975162480266
TaiESM1,div1_QG,n,OND,0.09978691890849731
TaiESM1,div1_QG,n,NDJ,0.11016256307550008
TaiESM1,div1_QG,s,DJF,0.08024125551826464
TaiESM1,div1_QG,s,JFM,0.07791315825582455
TaiESM1,div1_QG,s,FMA,0.06537675706607884
TaiESM1,div1_QG,s,MAM,0.056793009560136415
TaiESM1,div1_QG,s,AMJ,0.07538764362437549
TaiESM1,div1_QG,s,MJJ,0.01810227410643326
TaiESM1,div1_QG,s,JJA,0.02897804549054884
TaiESM1,div1_QG,s,JAS,0.04095759603970048
TaiESM1,div1_QG,s,ASO,0.03337584615355132
TaiESM1,div1_QG,s,SON,0.0358559748819993
TaiESM1,div1_QG,s,OND,0.06102521495363654
TaiESM1,div1_QG,s,NDJ,0.06644375030710442
TaiESM1,div1_QG_123,n,DJF,0.08849389905836459
TaiESM1,div1_QG_123,n,JFM,0.07536902319691524
TaiESM1,div1_QG_123,n,FMA,0.03051394219181513
TaiESM1,div1_QG_123,n,MAM,-0.035618340055091534
TaiESM1,div1_QG_123,n,AMJ,-0.05395783764994996
TaiESM1,div1_QG_123,n,MJJ,-0.026728813226530007
TaiESM1,div1_QG_123,n,JJA,-0.07409941251493651
TaiESM1,div1_QG_123,n,JAS,-0.10565228105762028
TaiESM1,div1_QG_123,n,ASO,-0.13587874413345136
TaiESM1,div1_QG_123,n,SON,-0.16373694952408918
TaiESM1,div1_QG_123,n,OND,-0.06534952284257033
TaiESM1,div1_QG_123,n,NDJ,0.06676578059154255
TaiESM1,div1_QG_123,s,DJF,-0.03904902193261459
TaiESM1,div1_QG_123,s,JFM,-0.04077374458066313
TaiESM1,div1_QG_123,s,FMA,-0.054245854997392394
TaiESM1,div1_QG_123,s,MAM,-0.0388938855879179
TaiESM1,div1_QG_123,s,AMJ,-0.03321614687015043
TaiESM1,div1_QG_123,s,MJJ,-0.07380532172699508
TaiESM1,div1_QG_123,s,JJA,-0.0703398814794525
TaiESM1,div1_QG_123,s,JAS,-0.0683289077476228
TaiESM1,div1_QG_123,s,ASO,-0.05658297474834829
TaiESM1,div1_QG_123,s,SON,-0.040622609966185136
TaiESM1,div1_QG_123,s,OND,-0.037008401448210826
TaiESM1,div1_QG_123,s,NDJ,-0.0344248385873834
TaiESM1,div1_QG_gt3,n,DJF,0.025651648084093013
TaiESM1,div1_QG_gt3,n,JFM,0.03658374734118758
TaiESM1,div1_QG_gt3,n,FMA,0.06581523279903656
TaiESM1,div1_QG_gt3,n,MAM,0.08652274707859062
TaiESM1,div1_QG_gt3,n,AMJ,0.10155228285856803
TaiESM1,div1_QG_gt3,n,MJJ,0.0831408635240503
TaiESM1,div1_QG_gt3,n,JJA,0.07308793627186483
TaiESM1,div1_QG_gt3,n,JAS,0.11048208048763801
TaiESM1,div1_QG_gt3,n,ASO,0.17712736929812123
TaiESM1,div1_QG_gt3,n,SON,0.09339719789928642
TaiESM1,div1_QG_gt3,n,OND,0.16513644175106765
TaiESM1,div1_QG_gt3,n,NDJ,0.043396782483957536
TaiESM1,div1_QG_gt3,s,DJF,0.11929027745087924
TaiESM1,div1_QG_gt3,s,JFM,0.11868690283648767
TaiESM1,div1_QG_gt3,s,FMA,0.11962261206347127
TaiESM1,div1_QG_gt3,s,MAM,0.09568689514805434
TaiESM1,div1_QG_gt3,s,AMJ,0.1086037904945259
TaiESM1,div1_QG_gt3,s,MJJ,0.09190759583342835
TaiESM1,div1_QG_gt3,s,JJA,0.09931792697000136
TaiESM1,div1_QG_gt3,s,JAS,0.1092865037873233
TaiESM1,div1_QG_gt3,s,ASO,0.08995882090189959
TaiESM1,div1_QG_gt3,s,SON,0.07647858484818447
TaiESM1,div1_QG_gt3,s,OND,0.09803361640184735
TaiESM1,div1_QG_gt3,s,NDJ,0.10086858889448784
UKESM1-0-LL,div1_QG,n,DJF,-0.0114055325522701
UKESM1-0-LL,div1_QG,n,JFM,0.0026402023975313797
UKESM1-0-LL,div1_QG,n,FMA,-0.01792533485182168
UKESM1-0-LL,div1_QG,n,MAM,-0.12783636648086402
UKESM1-0-LL,div1_QG,n,AMJ,-0.17726856985055625
UKESM1-0-LL,div1_QG,n,MJJ,-0.16341428423541343
UKESM1-0-LL,div1_QG,n,JJA,0.06657035498790297
UKESM1-0-LL,div1_QG,n,JAS,-0.13846646689304612
UKESM1-0-LL,div1_QG,n,ASO,-0.09110281297977847
UKESM1-0-LL,div1_QG,n,SON,-0.070312584889175
UKESM1-0-LL,div1_QG,n,OND,-0.09547860704247713
UKESM1-0-LL,div1_QG,n,NDJ,-0.005336130237300475
UKESM1-0-LL,div1_QG,s,DJF,0.09068343593563702
UKESM1-0-LL,div1_QG,s,JFM,0.07388668400277287
UKESM1-0-LL,div1_QG,s,FMA,0.08266443131031151
UKESM1-0-LL,div1_QG,s,MAM,0.07221608015178037
UKESM1-0-LL,div1_QG,s,AMJ,0.08644445656907879
UKESM1-0-LL,div1_QG,s,MJJ,0.07012095304997358
UKESM1-0-LL,div1_QG,s,JJA,0.0784457724306827
UKESM1-0-LL,div1_QG,s,JAS,0.09035906779308184
UKESM1-0-LL,div1_QG,s,ASO,0.0808280955955443
UKESM1-0-LL,div1_QG,s,SON,0.12506070096022348
UKESM1-0-LL,div1_QG,s,OND,0.13536846283645695
UKESM1-0-LL,div1_QG,s,NDJ,0.11657519726331919
UKESM1-0-LL,div1_QG_123,n,DJF,0.02175805206860376
UKESM1-0-LL,div1_QG_123,n,JFM,0.009224561870505809
UKESM1-0-LL,div1_QG_123,n,FMA,-0.01887696649239543
UKESM1-0-LL,div1_QG_123,n,MAM,-0.08917556392723978
UKESM1-0-LL,div1_QG_123,n,AMJ,-0.08831063906335711
UKESM1-0-LL,div1_QG_123,n,MJJ,-0.08278236412464283
UKESM1-0-LL,div1_QG_123,n,JJA,-0.10276280471137719
UKESM1-0-LL,div1_QG_123,n,JAS,-0.07057569700190268
UKESM1-0-LL,div1_QG_123,n,ASO,-0.024704726361974315
UKESM1-0-LL,div1_QG_123,n,SON,0.007476477903478922
UKESM1-0-LL,div1_QG_123,n,OND,-0.03864563086001099
UKESM1-0-LL,div1_QG_123,n,NDJ,0.02832027430634102
UKESM1-0-LL,div1_QG_123,s,DJF,-0.031770827553469654
UKESM1-0-LL,div1_QG_123,s,JFM,-0.05106347220860447
UKESM1-0-LL,div1_QG_123,s,FMA,-0.0551055173253389
UKESM1-0-LL,div1_QG_123,s,MAM,-0.04839499191308116
UKESM1-0-LL,div1_QG_123,s,AMJ,-0.033632094696463825
UKESM1-0-LL,div1_QG_123,s,MJJ,-0.04611387101726186
UKESM1-0-LL,div1_QG_123,s,JJA,-0.012525091842992048
UKESM1-0-LL,div1_QG_123,s,JAS,-0.02951115579167695
UKESM1-0-LL,div1_QG_123,s,ASO,-0.040391046936439384
UKESM1-0-LL,div1_QG_123,s,SON,-0.002186674469402839
UKESM1-0-LL,div1_QG_123,s,OND,-0.011566569891781434
UKESM1-0-LL,div1_QG_123,s,NDJ,-0.012140077632322008
UKESM1-0-LL,div1_QG_gt3,n,DJF,-0.03308243135417833
UKESM1-0-LL,div1_QG_gt3,n,JFM,-0.006505462784946992
UKESM1-0-LL,div1_QG_gt3,n,FMA,0.001018429051583473
UKESM1-0-LL,div1_QG_gt3,n,MAM,-0.03856730031817699
UKESM1-0-LL,div1_QG_gt3,n,AMJ,-0.0885200231235047
UKESM1-0-LL,div1_QG_gt3,n,MJJ,-0.08014013870451044
UKESM1-0-LL,div1_QG_gt3,n,JJA,0.16949857219477032
UKESM1-0-LL,div1_QG_gt3,n,JAS,-0.06772105450133652
UKESM1-0-LL,div1_QG_gt3,n,ASO,-0.06617634881243223
UKESM1-0-LL,div1_QG_gt3,n,SON,-0.07774710546164043
UKESM1-0-LL,div1_QG_gt3,n,OND,-0.0567602276408831
UKESM1-0-LL,div1_QG_gt3,n,NDJ,-0.0336405665972352
UKESM1-0-LL,div1_QG_gt3,s,DJF,0.12245243052582494
UKESM1-0-LL,div1_QG_gt3,s,JFM,0.12495015621137737
UKESM1-0-LL,div1_QG_gt3,s,FMA,0.13776994863565042
UKESM1-0-LL,div1_QG_gt3,s,MAM,0.12062520869859124
UKESM1-0-LL,div1_QG_gt3,s,AMJ,0.12007655126554259
UKESM1-0-LL,div1_QG_gt3,s,MJJ,0.11623482406723544
UKESM1-0-LL,div1_QG_gt3,s,JJA,0.09097086427367472
UKESM1-0-LL,div1_QG_gt3,s,JAS,0.11987803668860932
UKESM1-0-LL,div1_QG_gt3,s,ASO,0.12121725098520512
UKESM1-0-LL,div1_QG_gt3,s,SON,0.12724696511533992
UKESM1-0-LL,div1_QG_gt3,s,OND,0.14693128598382957
UKESM1-0-LL,div1_QG_gt3,s,NDJ,0.12871312707609883
